{"test_dict":{"[20.0, -4.0, 0.0, -0.2]":-1.1128076,"[0.0, -4.0, 3.0, -0.2]":-0.8410919,"[20.0, 0.0, 3.0, 0.2]":0.9343733,"[20.0, 4.0, 0.0, 0.0]":1.1535485,"[40.0, 0.0, 0.0, 0.0]":0.034220293,"[40.0, -4.0, 0.0, 0.0]":-1.0623717,"[0.0, 0.0, 0.0, 0.2]":0.24879853,"[40.0, 4.0, -3.0, 0.0]":0.9477856,"[20.0, 0.0, 3.0, -0.2]":0.030070178,"[0.0, -4.0, 0.0, -0.2]":-1.0740738,"[0.0, 4.0, -3.0, 0.2]":0.83409286,"[20.0, 4.0, -3.0, -0.2]":0.7077111,"[20.0, 4.0, 0.0, -0.2]":0.7634552,"[40.0, 4.0, 0.0, 0.0]":1.1025299,"[20.0, -4.0, -3.0, -0.2]":-1.2840204,"[0.0, 4.0, 3.0, -0.2]":0.9547993,"[20.0, 4.0, -3.0, 0.2]":0.90649664,"[40.0, 0.0, 3.0, -0.2]":0.07637569,"[40.0, 4.0, 0.0, -0.2]":0.8079218,"[0.0, -4.0, 0.0, 0.2]":-0.86844635,"[0.0, 0.0, -3.0, 0.0]":-0.48027176,"[0.0, 0.0, -3.0, 0.2]":-0.27121747,"[20.0, 0.0, -3.0, -0.2]":-0.86937666,"[0.0, 4.0, -3.0, -0.2]":0.6211497,"[40.0, -4.0, -3.0, 0.0]":-1.1500095,"[40.0, 4.0, 3.0, 0.2]":1.3707393,"[20.0, 4.0, 3.0, 0.2]":1.3837473,"[0.0, 0.0, 0.0, 0.0]":-0.008407168,"[0.0, 4.0, 0.0, -0.2]":0.83950335,"[0.0, 4.0, 0.0, 0.0]":0.94333243,"[40.0, 4.0, -3.0, 0.2]":0.9258582,"[20.0, -4.0, 3.0, 0.2]":-0.70887476,"[0.0, 0.0, -3.0, -0.2]":-0.678617,"[0.0, -4.0, -3.0, 0.0]":-1.0682839,"[20.0, 4.0, 3.0, 0.0]":1.2274531,"[40.0, 0.0, 0.0, -0.2]":-0.49065,"[40.0, 0.0, 3.0, 0.2]":0.88433284,"[0.0, 0.0, 3.0, -0.2]":0.2301311,"[40.0, -4.0, 3.0, 0.0]":-0.85873896,"[0.0, 0.0, 0.0, -0.2]":-0.23311804,"[20.0, 4.0, 3.0, -0.2]":0.7746234,"[0.0, -4.0, 3.0, 0.0]":-0.73446435,"[40.0, -4.0, -3.0, -0.2]":-1.2657351,"[40.0, -4.0, -3.0, 0.2]":-0.7696358,"[40.0, 0.0, 0.0, 0.2]":0.53194064,"[0.0, 4.0, 3.0, 0.0]":1.0857096,"[40.0, 4.0, -3.0, -0.2]":0.6705117,"[0.0, -4.0, -3.0, -0.2]":-1.1944405,"[0.0, -4.0, 3.0, 0.2]":-0.62883073,"[20.0, 4.0, -3.0, 0.0]":0.9512339,"[40.0, 0.0, 3.0, 0.0]":0.38808644,"[40.0, -4.0, 0.0, -0.2]":-1.0893939,"[40.0, -4.0, 3.0, 0.2]":-0.65831584,"[20.0, -4.0, -3.0, 0.0]":-1.1756461,"[20.0, -4.0, 3.0, 0.0]":-0.91342944,"[40.0, 0.0, -3.0, 0.2]":0.0551339,"[20.0, 0.0, -3.0, 0.0]":-0.2644901,"[40.0, 0.0, -3.0, -0.2]":-0.78816825,"[40.0, 4.0, 0.0, 0.2]":1.1950772,"[0.0, -4.0, 0.0, 0.0]":-0.9350739,"[20.0, -4.0, 3.0, -0.2]":-0.85155207,"[20.0, 0.0, 3.0, 0.0]":0.2892245,"[20.0, 4.0, 0.0, 0.2]":1.1844273,"[40.0, 4.0, 3.0, -0.2]":0.8842953,"[20.0, 0.0, 0.0, -0.2]":-0.547928,"[40.0, 4.0, 3.0, 0.0]":1.1560361,"[40.0, -4.0, 0.0, 0.2]":-0.74859315,"[20.0, 0.0, 0.0, 0.2]":0.55786306,"[0.0, 0.0, 3.0, 0.2]":0.71032983,"[0.0, -4.0, -3.0, 0.2]":-1.0107437,"[0.0, 4.0, 0.0, 0.2]":1.0884278,"[0.0, 4.0, -3.0, 0.0]":0.717749,"[20.0, -4.0, -3.0, 0.2]":-0.8369134,"[40.0, -4.0, 3.0, -0.2]":-0.82671547,"[20.0, 0.0, -3.0, 0.2]":0.03135267,"[20.0, 0.0, 0.0, 0.0]":0.0007030219,"[20.0, -4.0, 0.0, 0.2]":-0.78888446,"[40.0, 0.0, -3.0, 0.0]":-0.24133612,"[20.0, -4.0, 0.0, 0.0]":-1.1078488,"[0.0, 0.0, 3.0, 0.0]":0.47600108,"[0.0, 4.0, 3.0, 0.2]":1.252574},"input_std":[[8.997835],[1.4417306],[1.202874],[0.0378312]],"model_test_loss":0.03694043,"input_size":4,"current_date_and_time":"2023-04-13_22-54-46","input_mean":[[16.471],[0.0428868],[-0.026035862],[-0.0010399506]],"output_size":1,"test_dict_zero_bias":{"[20.0, -4.0, 0.0, -0.2]":-1.003063,"[0.0, -4.0, 3.0, -0.2]":-0.7483538,"[20.0, 0.0, 3.0, 0.2]":1.0859433,"[20.0, 4.0, 0.0, 0.0]":1.2815692,"[40.0, 0.0, 0.0, 0.0]":0.2304984,"[40.0, -4.0, 0.0, 0.0]":-0.80060625,"[0.0, 0.0, 0.0, 0.2]":0.62027943,"[40.0, 4.0, -3.0, 0.0]":0.9364601,"[20.0, 0.0, 3.0, -0.2]":0.17074925,"[0.0, -4.0, 0.0, -0.2]":-1.005516,"[0.0, 4.0, -3.0, 0.2]":0.98300767,"[20.0, 4.0, -3.0, -0.2]":0.84928274,"[20.0, 4.0, 0.0, -0.2]":0.89565235,"[40.0, 4.0, 0.0, 0.0]":1.0961165,"[20.0, -4.0, -3.0, -0.2]":-1.1833986,"[0.0, 4.0, 3.0, -0.2]":0.95793337,"[20.0, 4.0, -3.0, 0.2]":1.0200028,"[40.0, 0.0, 3.0, -0.2]":0.3677655,"[40.0, 4.0, 0.0, -0.2]":0.9863701,"[0.0, -4.0, 0.0, 0.2]":-0.6905881,"[0.0, 0.0, -3.0, 0.0]":-0.2506033,"[0.0, 0.0, -3.0, 0.2]":0.10072053,"[20.0, 0.0, -3.0, -0.2]":-0.755845,"[0.0, 4.0, -3.0, -0.2]":0.79420376,"[40.0, -4.0, -3.0, 0.0]":-0.92117596,"[40.0, 4.0, 3.0, 0.2]":1.3904413,"[20.0, 4.0, 3.0, 0.2]":1.4924623,"[0.0, 0.0, 0.0, 0.0]":0.14960544,"[0.0, 4.0, 0.0, -0.2]":0.9278761,"[0.0, 4.0, 0.0, 0.0]":1.1837273,"[40.0, 4.0, -3.0, 0.2]":1.0225956,"[20.0, -4.0, 3.0, 0.2]":-0.5745959,"[0.0, 0.0, -3.0, -0.2]":-0.66283286,"[0.0, -4.0, -3.0, 0.0]":-0.9990857,"[20.0, 4.0, 3.0, 0.0]":1.338153,"[40.0, 0.0, 0.0, -0.2]":-0.13648163,"[40.0, 0.0, 3.0, 0.2]":0.88305664,"[0.0, 0.0, 3.0, -0.2]":0.21221128,"[40.0, -4.0, 3.0, 0.0]":-0.6065633,"[0.0, 0.0, 0.0, -0.2]":-0.2641353,"[20.0, 4.0, 3.0, -0.2]":0.9151681,"[0.0, -4.0, 3.0, 0.0]":-0.7526972,"[40.0, -4.0, -3.0, -0.2]":-1.1028441,"[40.0, -4.0, -3.0, 0.2]":-0.72232693,"[40.0, 0.0, 0.0, 0.2]":0.51621103,"[0.0, 4.0, 3.0, 0.0]":1.277206,"[40.0, 4.0, -3.0, -0.2]":0.78350866,"[0.0, -4.0, -3.0, -0.2]":-1.1604847,"[0.0, -4.0, 3.0, 0.2]":-0.51693445,"[20.0, 4.0, -3.0, 0.0]":1.0833771,"[40.0, 0.0, 3.0, 0.0]":0.63969576,"[40.0, -4.0, 0.0, -0.2]":-0.93930256,"[40.0, -4.0, 3.0, 0.2]":-0.4162475,"[20.0, -4.0, -3.0, 0.0]":-1.0788286,"[20.0, -4.0, 3.0, 0.0]":-0.80101264,"[40.0, 0.0, -3.0, 0.2]":0.09017372,"[20.0, 0.0, -3.0, 0.0]":-0.04592908,"[40.0, 0.0, -3.0, -0.2]":-0.50540644,"[40.0, 4.0, 0.0, 0.2]":1.2589858,"[0.0, -4.0, 0.0, 0.0]":-0.917628,"[20.0, -4.0, 3.0, -0.2]":-0.7379836,"[20.0, 0.0, 3.0, 0.0]":0.4089301,"[20.0, 4.0, 0.0, 0.2]":1.2934842,"[40.0, 4.0, 3.0, -0.2]":1.102784,"[20.0, 0.0, 0.0, -0.2]":-0.39076307,"[40.0, 4.0, 3.0, 0.0]":1.2020555,"[40.0, -4.0, 0.0, 0.2]":-0.60593456,"[20.0, 0.0, 0.0, 0.2]":0.77437896,"[0.0, 0.0, 3.0, 0.2]":0.94900817,"[0.0, -4.0, -3.0, 0.2]":-0.80291367,"[0.0, 4.0, 0.0, 0.2]":1.2550719,"[0.0, 4.0, -3.0, 0.0]":0.9789291,"[20.0, -4.0, -3.0, 0.2]":-0.6057401,"[40.0, -4.0, 3.0, -0.2]":-0.68741274,"[20.0, 0.0, -3.0, 0.2]":0.233444,"[20.0, 0.0, 0.0, 0.0]":0.1667228,"[20.0, -4.0, 0.0, 0.2]":-0.5885264,"[40.0, 0.0, -3.0, 0.0]":-0.17696221,"[20.0, -4.0, 0.0, 0.0]":-1.0007756,"[0.0, 0.0, 3.0, 0.0]":0.50261426,"[0.0, 4.0, 3.0, 0.2]":1.4476138},"layers":[{"dense_1_b":[[1.2639604],[-0.05034633],[-1.2465382],[-0.077778205],[0.21715714],[-0.33931547],[0.105741344],[0.13793884]],"dense_1_W":[[-0.92597264,-0.75721115,0.29111987,-0.41643685],[-0.043138575,-0.43416497,-0.50665694,0.15364729],[1.0996945,-0.71166366,0.44434953,-0.5126899],[-0.17097552,1.804616,0.70614105,0.0025764406],[0.21620663,3.0965114,-0.65017486,0.8443106],[-0.295173,2.9899092,2.966686,-0.065447435],[-0.022270368,-0.0049150395,-8.146362,-0.056822408],[0.054986134,4.7372556,-0.05626303,-0.13974787]],