{"test_dict":{"[20.0, -4.0, 0.0, -0.2]":-0.9515611,"[0.0, -4.0, 3.0, -0.2]":-0.64398193,"[20.0, 0.0, 3.0, 0.2]":0.7434461,"[20.0, 4.0, 0.0, 0.0]":0.90348047,"[40.0, 0.0, 0.0, 0.0]":0.019214218,"[40.0, -4.0, 0.0, 0.0]":-0.63954324,"[0.0, 0.0, 0.0, 0.2]":0.15936403,"[40.0, 4.0, -3.0, 0.0]":0.5116259,"[20.0, 0.0, 3.0, -0.2]":-0.13026014,"[0.0, -4.0, 0.0, -0.2]":-0.8167028,"[0.0, 4.0, -3.0, 0.2]":0.64053005,"[20.0, 4.0, -3.0, -0.2]":0.5765069,"[20.0, 4.0, 0.0, -0.2]":0.6524598,"[40.0, 4.0, 0.0, 0.0]":0.6985955,"[20.0, -4.0, -3.0, -0.2]":-1.2552348,"[0.0, 4.0, 3.0, -0.2]":0.94282615,"[20.0, 4.0, -3.0, 0.2]":0.62619257,"[40.0, 0.0, 3.0, -0.2]":-0.17841072,"[40.0, 4.0, 0.0, -0.2]":0.65248823,"[0.0, -4.0, 0.0, 0.2]":-0.9272285,"[0.0, 0.0, -3.0, 0.0]":-0.54179233,"[0.0, 0.0, -3.0, 0.2]":-0.017198384,"[20.0, 0.0, -3.0, -0.2]":-0.8049961,"[0.0, 4.0, -3.0, -0.2]":0.6157178,"[40.0, -4.0, -3.0, 0.0]":-1.0029864,"[40.0, 4.0, 3.0, 0.2]":1.0050609,"[20.0, 4.0, 3.0, 0.2]":1.1526608,"[0.0, 0.0, 0.0, 0.0]":0.0054639727,"[0.0, 4.0, 0.0, -0.2]":0.88447315,"[0.0, 4.0, 0.0, 0.0]":0.79053646,"[40.0, 4.0, -3.0, 0.2]":0.5413744,"[20.0, -4.0, 3.0, 0.2]":-0.4361122,"[0.0, 0.0, -3.0, -0.2]":-0.6946108,"[0.0, -4.0, -3.0, 0.0]":-1.1780447,"[20.0, 4.0, 3.0, 0.0]":0.95891637,"[40.0, 0.0, 0.0, -0.2]":-0.35265756,"[40.0, 0.0, 3.0, 0.2]":0.5848645,"[0.0, 0.0, 3.0, -0.2]":0.09896002,"[40.0, -4.0, 3.0, 0.0]":-0.4590501,"[0.0, 0.0, 0.0, -0.2]":-0.1011854,"[20.0, 4.0, 3.0, -0.2]":0.6838886,"[0.0, -4.0, 3.0, 0.0]":-0.50474226,"[40.0, -4.0, -3.0, -0.2]":-0.9532522,"[40.0, -4.0, -3.0, 0.2]":-0.83560723,"[40.0, 0.0, 0.0, 0.2]":0.36924395,"[0.0, 4.0, 3.0, 0.0]":1.0710204,"[40.0, 4.0, -3.0, -0.2]":0.3881739,"[0.0, -4.0, -3.0, -0.2]":-1.1074461,"[0.0, -4.0, 3.0, 0.2]":-0.5324738,"[20.0, 4.0, -3.0, 0.0]":0.7212701,"[40.0, 0.0, 3.0, 0.0]":0.2581402,"[40.0, -4.0, 0.0, -0.2]":-0.7240388,"[40.0, -4.0, 3.0, 0.2]":-0.36902824,"[20.0, -4.0, -3.0, 0.0]":-0.9930141,"[20.0, -4.0, 3.0, 0.0]":-0.7145246,"[40.0, 0.0, -3.0, 0.2]":0.2034995,"[20.0, 0.0, -3.0, 0.0]":-0.209704,"[40.0, 0.0, -3.0, -0.2]":-0.5964486,"[40.0, 4.0, 0.0, 0.2]":0.7997044,"[0.0, -4.0, 0.0, 0.0]":-0.81430584,"[20.0, -4.0, 3.0, -0.2]":-0.7543731,"[20.0, 0.0, 3.0, 0.0]":0.2479716,"[20.0, 4.0, 0.0, 0.2]":0.9125779,"[40.0, 4.0, 3.0, -0.2]":0.7311131,"[20.0, 0.0, 0.0, -0.2]":-0.49171796,"[40.0, 4.0, 3.0, 0.0]":0.8556012,"[40.0, -4.0, 0.0, 0.2]":-0.70001286,"[20.0, 0.0, 0.0, 0.2]":0.42130688,"[0.0, 0.0, 3.0, 0.2]":0.67836756,"[0.0, -4.0, -3.0, 0.2]":-1.0547277,"[0.0, 4.0, 0.0, 0.2]":0.7412901,"[0.0, 4.0, -3.0, 0.0]":0.55763805,"[20.0, -4.0, -3.0, 0.2]":-0.7898792,"[40.0, -4.0, 3.0, -0.2]":-0.6730741,"[20.0, 0.0, -3.0, 0.2]":0.19127963,"[20.0, 0.0, 0.0, 0.0]":0.0034699254,"[20.0, -4.0, 0.0, 0.2]":-0.62416995,"[40.0, 0.0, -3.0, 0.0]":-0.26434258,"[20.0, -4.0, 0.0, 0.0]":-0.866275,"[0.0, 0.0, 3.0, 0.0]":0.5587323,"[0.0, 4.0, 3.0, 0.2]":0.979555},"input_std":[[9.42789],[1.3668823],[1.4371685],[0.033098076]],"model_test_loss":0.01846129746288061,"input_size":4,"current_date_and_time":"2023-04-19_17-30-10","input_mean":[[17.958504],[0.17651784],[-0.0016937268],[-0.015870819]],"output_size":1,"test_dict_zero_bias":{"[20.0, -4.0, 0.0, -0.2]":-0.7978201,"[0.0, -4.0, 3.0, -0.2]":-0.39942285,"[20.0, 0.0, 3.0, 0.2]":0.9434819,"[20.0, 4.0, 0.0, 0.0]":1.0254864,"[40.0, 0.0, 0.0, 0.0]":0.1283222,"[40.0, -4.0, 0.0, 0.0]":-0.50248325,"[0.0, 0.0, 0.0, 0.2]":0.50364304,"[40.0, 4.0, -3.0, 0.0]":0.6535516,"[20.0, 0.0, 3.0, -0.2]":0.061438013,"[0.0, -4.0, 0.0, -0.2]":-0.7475582,"[0.0, 4.0, -3.0, 0.2]":0.88408,"[20.0, 4.0, -3.0, -0.2]":0.7105103,"[20.0, 4.0, 0.0, -0.2]":0.74609405,"[40.0, 4.0, 0.0, 0.0]":0.8158333,"[20.0, -4.0, -3.0, -0.2]":-1.119249,"[0.0, 4.0, 3.0, -0.2]":0.9839919,"[20.0, 4.0, -3.0, 0.2]":0.88017607,"[40.0, 0.0, 3.0, -0.2]":0.1534932,"[40.0, 4.0, 0.0, -0.2]":0.8257636,"[0.0, -4.0, 0.0, 0.2]":-0.720802,"[0.0, 0.0, -3.0, 0.0]":-0.26806557,"[0.0, 0.0, -3.0, 0.2]":0.23950961,"[20.0, 0.0, -3.0, -0.2]":-0.6142395,"[0.0, 4.0, -3.0, -0.2]":0.7319756,"[40.0, -4.0, -3.0, 0.0]":-0.9248565,"[40.0, 4.0, 3.0, 0.2]":1.0609174,"[20.0, 4.0, 3.0, 0.2]":1.2717309,"[0.0, 0.0, 0.0, 0.0]":0.23503232,"[0.0, 4.0, 0.0, -0.2]":0.9582109,"[0.0, 4.0, 0.0, 0.0]":0.9155739,"[40.0, 4.0, -3.0, 0.2]":0.7295966,"[20.0, -4.0, 3.0, 0.2]":-0.3106394,"[0.0, 0.0, -3.0, -0.2]":-0.4555452,"[0.0, -4.0, -3.0, 0.0]":-1.0184973,"[20.0, 4.0, 3.0, 0.0]":1.035667,"[40.0, 0.0, 0.0, -0.2]":-0.065177694,"[40.0, 0.0, 3.0, 0.2]":0.6935106,"[0.0, 0.0, 3.0, -0.2]":0.1516041,"[40.0, -4.0, 3.0, 0.0]":-0.24104317,"[0.0, 0.0, 0.0, -0.2]":0.016407495,"[20.0, 4.0, 3.0, -0.2]":0.7958315,"[0.0, -4.0, 3.0, 0.0]":-0.38829392,"[40.0, -4.0, -3.0, -0.2]":-0.7831105,"[40.0, -4.0, -3.0, 0.2]":-0.79835284,"[40.0, 0.0, 0.0, 0.2]":0.38591018,"[0.0, 4.0, 3.0, 0.0]":1.1640984,"[40.0, 4.0, -3.0, -0.2]":0.5856799,"[0.0, -4.0, -3.0, -0.2]":-1.0719059,"[0.0, -4.0, 3.0, 0.2]":-0.35784224,"[20.0, 4.0, -3.0, 0.0]":0.91833603,"[40.0, 0.0, 3.0, 0.0]":0.48809865,"[40.0, -4.0, 0.0, -0.2]":-0.48298347,"[40.0, -4.0, 3.0, 0.2]":-0.26457036,"[20.0, -4.0, -3.0, 0.0]":-0.8916563,"[20.0, -4.0, 3.0, 0.0]":-0.5523331,"[40.0, 0.0, -3.0, 0.2]":0.23540425,"[20.0, 0.0, -3.0, 0.0]":-0.09750509,"[40.0, 0.0, -3.0, -0.2]":-0.4368256,"[40.0, 4.0, 0.0, 0.2]":0.9301256,"[0.0, -4.0, 0.0, 0.0]":-0.7158486,"[20.0, -4.0, 3.0, -0.2]":-0.54492074,"[20.0, 0.0, 3.0, 0.0]":0.41992834,"[20.0, 4.0, 0.0, 0.2]":1.0694191,"[40.0, 4.0, 3.0, -0.2]":0.90608644,"[20.0, 0.0, 0.0, -0.2]":-0.2098412,"[40.0, 4.0, 3.0, 0.0]":0.98859227,"[40.0, -4.0, 0.0, 0.2]":-0.651842,"[20.0, 0.0, 0.0, 0.2]":0.58708054,"[0.0, 0.0, 3.0, 0.2]":0.88194066,"[0.0, -4.0, -3.0, 0.2]":-0.82155454,"[0.0, 4.0, 0.0, 0.2]":0.93970567,"[0.0, 4.0, -3.0, 0.0]":0.76548845,"[20.0, -4.0, -3.0, 0.2]":-0.6545161,"[40.0, -4.0, 3.0, -0.2]":-0.4335441,"[20.0, 0.0, -3.0, 0.2]":0.31139502,"[20.0, 0.0, 0.0, 0.0]":0.18959403,"[20.0, -4.0, 0.0, 0.2]":-0.5042651,"[40.0, 0.0, -3.0, 0.0]":-0.2498197,"[20.0, -4.0, 0.0, 0.0]":-0.73985106,"[0.0, 0.0, 3.0, 0.0]":0.6268497,"[0.0, 4.0, 3.0, 0.2]":1.1172258},"layers":[{"dense_1_b":[[0.024963634],[-1.3066386],[-0.5560469],[0.6308259],[-0.8257194],[0.23309687],[-0.09428961],[-0.066354945]],"dense_1_W":[[0.30883926,1.1970711,-0.5643241,0.1899906],[-0.7293025,1.4455512,0.8888098,-0.16146311],[-0.4929151,-0.08019154,-0.47253406,0.27573925],[-1.3349415,0.39426416,-0.6709358,0.3997013],[1.2934186,0.15005349,-0.680133,0.34497887],[-0.0070190313,4.1697845,0.16589466,0.29171973],[0.07082527,0.18389347,0.46781054,0.058748502],[-0.051149134,0.2204783,-1.0485518,0.18481989]],