{"test_dict":{"[20.0, -4.0, 0.0, -0.2]":-0.9659765,"[0.0, -4.0, 3.0, -0.2]":-0.59167784,"[20.0, 0.0, 3.0, 0.2]":0.84155256,"[20.0, 4.0, 0.0, 0.0]":0.98499215,"[40.0, 0.0, 0.0, 0.0]":0.08643584,"[40.0, -4.0, 0.0, 0.0]":-0.91302097,"[0.0, 0.0, 0.0, 0.2]":0.4295578,"[40.0, 4.0, -3.0, 0.0]":0.75241435,"[20.0, 0.0, 3.0, -0.2]":-0.25417656,"[0.0, -4.0, 0.0, -0.2]":-0.9120979,"[0.0, 4.0, -3.0, 0.2]":0.7427504,"[20.0, 4.0, -3.0, -0.2]":0.6241943,"[20.0, 4.0, 0.0, -0.2]":0.86221397,"[40.0, 4.0, 0.0, 0.0]":0.92007864,"[20.0, -4.0, -3.0, -0.2]":-1.1269842,"[0.0, 4.0, 3.0, -0.2]":0.9541538,"[20.0, 4.0, -3.0, 0.2]":0.75588435,"[40.0, 0.0, 3.0, -0.2]":-0.40423703,"[40.0, 4.0, 0.0, -0.2]":0.7728954,"[0.0, -4.0, 0.0, 0.2]":-0.8630458,"[0.0, 0.0, -3.0, 0.0]":-0.38902858,"[0.0, 0.0, -3.0, 0.2]":0.25910786,"[20.0, 0.0, -3.0, -0.2]":-0.88191104,"[0.0, 4.0, -3.0, -0.2]":0.7080821,"[40.0, -4.0, -3.0, 0.0]":-1.0733232,"[40.0, 4.0, 3.0, 0.2]":1.0068482,"[20.0, 4.0, 3.0, 0.2]":1.0846876,"[0.0, 0.0, 0.0, 0.0]":0.015463918,"[0.0, 4.0, 0.0, -0.2]":0.9283876,"[0.0, 4.0, 0.0, 0.0]":1.0125757,"[40.0, 4.0, -3.0, 0.2]":0.7626566,"[20.0, -4.0, 3.0, 0.2]":-0.7144317,"[0.0, 0.0, -3.0, -0.2]":-0.74600464,"[0.0, -4.0, -3.0, 0.0]":-1.0187149,"[20.0, 4.0, 3.0, 0.0]":1.1477915,"[40.0, 0.0, 0.0, -0.2]":-0.55136657,"[40.0, 0.0, 3.0, 0.2]":0.78065664,"[0.0, 0.0, 3.0, -0.2]":-0.19517803,"[40.0, -4.0, 3.0, 0.0]":-0.817857,"[0.0, 0.0, 0.0, -0.2]":-0.38151634,"[20.0, 4.0, 3.0, -0.2]":0.8583036,"[0.0, -4.0, 3.0, 0.0]":-0.6441719,"[40.0, -4.0, -3.0, -0.2]":-1.1219672,"[40.0, -4.0, -3.0, 0.2]":-0.7233924,"[40.0, 0.0, 0.0, 0.2]":0.7403514,"[0.0, 4.0, 3.0, 0.0]":1.1236469,"[40.0, 4.0, -3.0, -0.2]":0.538253,"[0.0, -4.0, -3.0, -0.2]":-1.1038818,"[0.0, -4.0, 3.0, 0.2]":-0.5788194,"[20.0, 4.0, -3.0, 0.0]":0.7583246,"[40.0, 0.0, 3.0, 0.0]":0.120182276,"[40.0, -4.0, 0.0, -0.2]":-0.91907346,"[40.0, -4.0, 3.0, 0.2]":-0.67543346,"[20.0, -4.0, -3.0, 0.0]":-1.0877296,"[20.0, -4.0, 3.0, 0.0]":-0.8200658,"[40.0, 0.0, -3.0, 0.2]":0.44024876,"[20.0, 0.0, -3.0, 0.0]":-0.2014148,"[40.0, 0.0, -3.0, -0.2]":-0.7996636,"[40.0, 4.0, 0.0, 0.2]":0.97200483,"[0.0, -4.0, 0.0, 0.0]":-0.93428004,"[20.0, -4.0, 3.0, -0.2]":-0.6873776,"[20.0, 0.0, 3.0, 0.0]":0.12770206,"[20.0, 4.0, 0.0, 0.2]":0.9493536,"[40.0, 4.0, 3.0, -0.2]":0.92745477,"[20.0, 0.0, 0.0, -0.2]":-0.56678957,"[40.0, 4.0, 3.0, 0.0]":0.9283212,"[40.0, -4.0, 0.0, 0.2]":-0.68040746,"[20.0, 0.0, 0.0, 0.2]":0.6600212,"[0.0, 0.0, 3.0, 0.2]":0.8229298,"[0.0, -4.0, -3.0, 0.2]":-0.9454569,"[0.0, 4.0, 0.0, 0.2]":0.9652071,"[0.0, 4.0, -3.0, 0.0]":0.7305977,"[20.0, -4.0, -3.0, 0.2]":-0.8327313,"[40.0, -4.0, 3.0, -0.2]":-0.7734991,"[20.0, 0.0, -3.0, 0.2]":0.40396583,"[20.0, 0.0, 0.0, 0.0]":-0.0023166835,"[20.0, -4.0, 0.0, 0.2]":-0.7666923,"[40.0, 0.0, -3.0, 0.0]":-0.15114504,"[20.0, -4.0, 0.0, 0.0]":-0.9793544,"[0.0, 0.0, 3.0, 0.0]":0.4895087,"[0.0, 4.0, 3.0, 0.2]":1.1847123},"input_std":[[8.45101],[1.8128418],[1.3198116],[0.05212323]],"model_test_loss":0.02639431,"input_size":4,"current_date_and_time":"2023-04-13_19-10-51","input_mean":[[16.25297],[-0.047183905],[-0.029406609],[0.010452148]],"output_size":1,"test_dict_zero_bias":{"[20.0, -4.0, 0.0, -0.2]":-1.1654619,"[0.0, -4.0, 3.0, -0.2]":-0.86517507,"[20.0, 0.0, 3.0, 0.2]":0.68578166,"[20.0, 4.0, 0.0, 0.0]":0.83126104,"[40.0, 0.0, 0.0, 0.0]":-0.11941381,"[40.0, -4.0, 0.0, 0.0]":-1.1605016,"[0.0, 0.0, 0.0, 0.2]":0.36677772,"[40.0, 4.0, -3.0, 0.0]":0.4484618,"[20.0, 0.0, 3.0, -0.2]":-0.46503034,"[0.0, -4.0, 0.0, -0.2]":-1.1003397,"[0.0, 4.0, -3.0, 0.2]":0.5259836,"[20.0, 4.0, -3.0, -0.2]":0.54206103,"[20.0, 4.0, 0.0, -0.2]":0.6692834,"[40.0, 4.0, 0.0, 0.0]":0.6396456,"[20.0, -4.0, -3.0, -0.2]":-1.4183488,"[0.0, 4.0, 3.0, -0.2]":0.61552286,"[20.0, 4.0, -3.0, 0.2]":0.47498244,"[40.0, 0.0, 3.0, -0.2]":-0.4113892,"[40.0, 4.0, 0.0, -0.2]":0.6847291,"[0.0, -4.0, 0.0, 0.2]":-1.1129068,"[0.0, 0.0, -3.0, 0.0]":-0.45194545,"[0.0, 0.0, -3.0, 0.2]":0.10446788,"[20.0, 0.0, -3.0, -0.2]":-1.1124377,"[0.0, 4.0, -3.0, -0.2]":0.5500306,"[40.0, -4.0, -3.0, 0.0]":-1.2993312,"[40.0, 4.0, 3.0, 0.2]":0.78401256,"[20.0, 4.0, 3.0, 0.2]":0.9156778,"[0.0, 0.0, 0.0, 0.0]":-0.06305504,"[0.0, 4.0, 0.0, -0.2]":0.6301131,"[0.0, 4.0, 0.0, 0.0]":0.8065871,"[40.0, 4.0, -3.0, 0.2]":0.4773262,"[20.0, -4.0, 3.0, 0.2]":-0.9612822,"[0.0, 0.0, -3.0, -0.2]":-0.9141242,"[0.0, -4.0, -3.0, 0.0]":-1.315126,"[20.0, 4.0, 3.0, 0.0]":0.88270277,"[40.0, 0.0, 0.0, -0.2]":-0.6547583,"[40.0, 0.0, 3.0, 0.2]":0.47085646,"[0.0, 0.0, 3.0, -0.2]":-0.46895018,"[40.0, -4.0, 3.0, 0.0]":-1.0507574,"[0.0, 0.0, 0.0, -0.2]":-0.71328545,"[20.0, 4.0, 3.0, -0.2]":0.6527284,"[0.0, -4.0, 3.0, 0.0]":-0.86627483,"[40.0, -4.0, -3.0, -0.2]":-1.4140159,"[40.0, -4.0, -3.0, 0.2]":-1.0556973,"[40.0, 0.0, 0.0, 0.2]":0.38988107,"[0.0, 4.0, 3.0, 0.0]":0.88507557,"[40.0, 4.0, -3.0, -0.2]":0.3066033,"[0.0, -4.0, -3.0, -0.2]":-1.313889,"[0.0, -4.0, 3.0, 0.2]":-0.6782882,"[20.0, 4.0, -3.0, 0.0]":0.53150225,"[40.0, 0.0, 3.0, 0.0]":0.12547663,"[40.0, -4.0, 0.0, -0.2]":-1.2127278,"[40.0, -4.0, 3.0, 0.2]":-0.8735969,"[20.0, -4.0, -3.0, 0.0]":-1.3942338,"[20.0, -4.0, 3.0, 0.0]":-0.9628827,"[40.0, 0.0, -3.0, 0.2]":0.14440867,"[20.0, 0.0, -3.0, 0.0]":-0.3700831,"[40.0, 0.0, -3.0, -0.2]":-1.0016757,"[40.0, 4.0, 0.0, 0.2]":0.6846584,"[0.0, -4.0, 0.0, 0.0]":-1.1449832,"[20.0, -4.0, 3.0, -0.2]":-0.86227113,"[20.0, 0.0, 3.0, 0.0]":0.10882192,"[20.0, 4.0, 0.0, 0.2]":0.7259227,"[40.0, 4.0, 3.0, -0.2]":0.7485483,"[20.0, 0.0, 0.0, -0.2]":-0.6743635,"[40.0, 4.0, 3.0, 0.0]":0.780473,"[40.0, -4.0, 0.0, 0.2]":-0.960838,"[20.0, 0.0, 0.0, 0.2]":0.38783097,"[0.0, 0.0, 3.0, 0.2]":0.69405437,"[0.0, -4.0, -3.0, 0.2]":-1.1970419,"[0.0, 4.0, 0.0, 0.2]":0.80529445,"[0.0, 4.0, -3.0, 0.0]":0.65464044,"[20.0, -4.0, -3.0, 0.2]":-1.0142001,"[40.0, -4.0, 3.0, -0.2]":-0.94516236,"[20.0, 0.0, -3.0, 0.2]":0.1426163,"[20.0, 0.0, 0.0, 0.0]":-0.13059759,"[20.0, -4.0, 0.0, 0.2]":-1.0299482,"[40.0, 0.0, -3.0, 0.0]":-0.47063833,"[20.0, -4.0, 0.0, 0.0]":-1.2704247,"[0.0, 0.0, 3.0, 0.0]":0.17824447,"[0.0, 4.0, 3.0, 0.2]":0.9305419},"layers":[{"dense_1_b":[[-2.8261847],[0.18486796],[0.21172677],[-1.2893065],[-0.12984341],[0.34677607],[-1.4247358],[0.059150964]],"dense_1_W":[[-1.1527395,0.8903384,1.2852181,-0.6013301],[0.07983473,-6.6231575,-0.016015349,-0.45200983],[0.3158812,0.23446903,5.4744887,-0.028237214],[1.2565491,-1.3012449,0.82289994,-1.0451852],[0.19692083,3.074799,0.7141985,1.01738],[0.3002817,2.1528695,0.5994142,-0.2753874],[1.0530201,1.4742942,-0.36184835,0.76309216],[0.15844122,2.597955,-0.22523011,0.9901501]],