{"test_dict":{"[20.0, -4.0, 0.0, -0.2]":-0.94376916,"[0.0, -4.0, 3.0, -0.2]":-0.91137093,"[20.0, 0.0, 3.0, 0.2]":0.25117555,"[20.0, 4.0, 0.0, 0.0]":0.9894936,"[40.0, 0.0, 0.0, 0.0]":-0.12212543,"[40.0, -4.0, 0.0, 0.0]":-1.2239873,"[0.0, 0.0, 0.0, 0.2]":0.3142538,"[40.0, 4.0, -3.0, 0.0]":0.9449443,"[20.0, 0.0, 3.0, -0.2]":-0.025796842,"[0.0, -4.0, 0.0, -0.2]":-1.0176747,"[0.0, 4.0, -3.0, 0.2]":0.8766486,"[20.0, 4.0, -3.0, -0.2]":0.768904,"[20.0, 4.0, 0.0, -0.2]":0.9854838,"[40.0, 4.0, 0.0, 0.0]":1.0470921,"[20.0, -4.0, -3.0, -0.2]":-1.0748032,"[0.0, 4.0, 3.0, -0.2]":1.0887514,"[20.0, 4.0, -3.0, 0.2]":0.8415087,"[40.0, 0.0, 3.0, -0.2]":-0.1537409,"[40.0, 4.0, 0.0, -0.2]":1.044515,"[0.0, -4.0, 0.0, 0.2]":-1.0534412,"[0.0, 0.0, -3.0, 0.0]":-0.25022,"[0.0, 0.0, -3.0, 0.2]":0.034293342,"[20.0, 0.0, -3.0, -0.2]":-0.2181903,"[0.0, 4.0, -3.0, -0.2]":0.84620386,"[40.0, -4.0, -3.0, 0.0]":-1.3291978,"[40.0, 4.0, 3.0, 0.2]":0.9305397,"[20.0, 4.0, 3.0, 0.2]":0.9451814,"[0.0, 0.0, 0.0, 0.0]":0.07427488,"[0.0, 4.0, 0.0, -0.2]":0.9986865,"[0.0, 4.0, 0.0, 0.0]":1.0076567,"[40.0, 4.0, -3.0, 0.2]":0.921904,"[20.0, -4.0, 3.0, 0.2]":-0.9247875,"[0.0, 0.0, -3.0, -0.2]":-0.60850763,"[0.0, -4.0, -3.0, 0.0]":-1.0371702,"[20.0, 4.0, 3.0, 0.0]":1.0319934,"[40.0, 0.0, 0.0, -0.2]":-0.1799749,"[40.0, 0.0, 3.0, 0.2]":0.2164296,"[0.0, 0.0, 3.0, -0.2]":0.25820428,"[40.0, -4.0, 3.0, 0.0]":-1.0168347,"[0.0, 0.0, 0.0, -0.2]":-0.24564339,"[20.0, 4.0, 3.0, -0.2]":1.0615115,"[0.0, -4.0, 3.0, 0.0]":-0.92604387,"[40.0, -4.0, -3.0, -0.2]":-1.210921,"[40.0, -4.0, -3.0, 0.2]":-1.3724931,"[40.0, 0.0, 0.0, 0.2]":0.06189822,"[0.0, 4.0, 3.0, 0.0]":1.0905248,"[40.0, 4.0, -3.0, -0.2]":0.8643202,"[0.0, -4.0, -3.0, -0.2]":-1.0666407,"[0.0, -4.0, 3.0, 0.2]":-0.98614055,"[20.0, 4.0, -3.0, 0.0]":0.81818205,"[40.0, 0.0, 3.0, 0.0]":-0.055182528,"[40.0, -4.0, 0.0, -0.2]":-1.1468819,"[40.0, -4.0, 3.0, 0.2]":-0.9904416,"[20.0, -4.0, -3.0, 0.0]":-1.1332546,"[20.0, -4.0, 3.0, 0.0]":-0.91279876,"[40.0, 0.0, -3.0, 0.2]":-0.13359858,"[20.0, 0.0, -3.0, 0.0]":0.08736192,"[40.0, 0.0, -3.0, -0.2]":-0.25742435,"[40.0, 4.0, 0.0, 0.2]":1.0176035,"[0.0, -4.0, 0.0, 0.0]":-0.985687,"[20.0, -4.0, 3.0, -0.2]":-0.78084075,"[20.0, 0.0, 3.0, 0.0]":0.0670874,"[20.0, 4.0, 0.0, 0.2]":0.9456298,"[40.0, 4.0, 3.0, -0.2]":1.0152696,"[20.0, 0.0, 0.0, -0.2]":-0.2471912,"[40.0, 4.0, 3.0, 0.0]":0.9497413,"[40.0, -4.0, 0.0, 0.2]":-1.2258843,"[20.0, 0.0, 0.0, 0.2]":0.19504236,"[0.0, 0.0, 3.0, 0.2]":0.44164282,"[0.0, -4.0, -3.0, 0.2]":-1.0536568,"[0.0, 4.0, 0.0, 0.2]":1.0051357,"[0.0, 4.0, -3.0, 0.0]":0.8652511,"[20.0, -4.0, -3.0, 0.2]":-1.2498572,"[40.0, -4.0, 3.0, -0.2]":-1.0016514,"[20.0, 0.0, -3.0, 0.2]":0.21174394,"[20.0, 0.0, 0.0, 0.0]":0.032743145,"[20.0, -4.0, 0.0, 0.2]":-1.1695372,"[40.0, 0.0, -3.0, 0.0]":-0.1430303,"[20.0, -4.0, 0.0, 0.0]":-1.0798917,"[0.0, 0.0, 3.0, 0.0]":0.3786532,"[0.0, 4.0, 3.0, 0.2]":1.0671958},"input_std":[[9.071918],[1.1695477],[1.2566851],[0.036484137]],"model_test_loss":0.05198067127466202,"input_size":4,"current_date_and_time":"2023-04-19_17-40-14","input_mean":[[16.93865],[0.063779846],[-0.046010856],[0.0328157]],"output_size":1,"test_dict_zero_bias":{"[20.0, -4.0, 0.0, -0.2]":-1.3192142,"[0.0, -4.0, 3.0, -0.2]":-1.2687585,"[20.0, 0.0, 3.0, 0.2]":-0.06380981,"[20.0, 4.0, 0.0, 0.0]":0.71430784,"[40.0, 0.0, 0.0, 0.0]":-0.6254538,"[40.0, -4.0, 0.0, 0.0]":-1.4956555,"[0.0, 0.0, 0.0, 0.2]":-0.06056255,"[40.0, 4.0, -3.0, 0.0]":0.7233154,"[20.0, 0.0, 3.0, -0.2]":-0.37852672,"[0.0, -4.0, 0.0, -0.2]":-1.3189745,"[0.0, 4.0, -3.0, 0.2]":0.61150074,"[20.0, 4.0, -3.0, -0.2]":0.53713566,"[20.0, 4.0, 0.0, -0.2]":0.7349785,"[40.0, 4.0, 0.0, 0.0]":0.7476162,"[20.0, -4.0, -3.0, -0.2]":-1.3862896,"[0.0, 4.0, 3.0, -0.2]":0.85441524,"[20.0, 4.0, -3.0, 0.2]":0.54581916,"[40.0, 0.0, 3.0, -0.2]":-0.54154444,"[40.0, 4.0, 0.0, -0.2]":0.78250045,"[0.0, -4.0, 0.0, 0.2]":-1.4436427,"[0.0, 0.0, -3.0, 0.0]":-0.53460675,"[0.0, 0.0, -3.0, 0.2]":-0.25083023,"[20.0, 0.0, -3.0, -0.2]":-0.6677733,"[0.0, 4.0, -3.0, -0.2]":0.57918364,"[40.0, -4.0, -3.0, 0.0]":-1.6256912,"[40.0, 4.0, 3.0, 0.2]":0.6757419,"[20.0, 4.0, 3.0, 0.2]":0.64317405,"[0.0, 0.0, 0.0, 0.0]":-0.21391064,"[0.0, 4.0, 0.0, -0.2]":0.75809234,"[0.0, 4.0, 0.0, 0.0]":0.767674,"[40.0, 4.0, -3.0, 0.2]":0.6787305,"[20.0, -4.0, 3.0, 0.2]":-1.2401904,"[0.0, 0.0, -3.0, -0.2]":-0.91233903,"[0.0, -4.0, -3.0, 0.0]":-1.3545486,"[20.0, 4.0, 3.0, 0.0]":0.72688663,"[40.0, 0.0, 0.0, -0.2]":-0.73649883,"[40.0, 0.0, 3.0, 0.2]":-0.03384596,"[0.0, 0.0, 3.0, -0.2]":-0.11951071,"[40.0, -4.0, 3.0, 0.0]":-1.3101245,"[0.0, 0.0, 0.0, -0.2]":-0.46833575,"[20.0, 4.0, 3.0, -0.2]":0.7984502,"[0.0, -4.0, 3.0, 0.0]":-1.3328656,"[40.0, -4.0, -3.0, -0.2]":-1.5569041,"[40.0, -4.0, -3.0, 0.2]":-1.6356788,"[40.0, 0.0, 0.0, 0.2]":-0.35567808,"[0.0, 4.0, 3.0, 0.0]":0.84621084,"[40.0, 4.0, -3.0, -0.2]":0.6952511,"[0.0, -4.0, -3.0, -0.2]":-1.3497267,"[0.0, -4.0, 3.0, 0.2]":-1.3126215,"[20.0, 4.0, -3.0, 0.0]":0.57169837,"[40.0, 0.0, 3.0, 0.0]":-0.34718195,"[40.0, -4.0, 0.0, -0.2]":-1.4707184,"[40.0, -4.0, 3.0, 0.2]":-1.2885013,"[20.0, -4.0, -3.0, 0.0]":-1.4967387,"[20.0, -4.0, 3.0, 0.0]":-1.2602553,"[40.0, 0.0, -3.0, 0.2]":-0.6434694,"[20.0, 0.0, -3.0, 0.0]":-0.42277214,"[40.0, 0.0, -3.0, -0.2]":-0.7992882,"[40.0, 4.0, 0.0, 0.2]":0.75855494,"[0.0, -4.0, 0.0, 0.0]":-1.3569994,"[20.0, -4.0, 3.0, -0.2]":-1.2111378,"[20.0, 0.0, 3.0, 0.0]":-0.3195443,"[20.0, 4.0, 0.0, 0.2]":0.62190807,"[40.0, 4.0, 3.0, -0.2]":0.6924577,"[20.0, 0.0, 0.0, -0.2]":-0.5757507,"[40.0, 4.0, 3.0, 0.0]":0.65250003,"[40.0, -4.0, 0.0, 0.2]":-1.4880934,"[20.0, 0.0, 0.0, 0.2]":-0.15133092,"[0.0, 0.0, 3.0, 0.2]":-0.053988636,"[0.0, -4.0, -3.0, 0.2]":-1.4335135,"[0.0, 4.0, 0.0, 0.2]":0.74748254,"[0.0, 4.0, -3.0, 0.0]":0.6033235,"[20.0, -4.0, -3.0, 0.2]":-1.5797689,"[40.0, -4.0, 3.0, -0.2]":-1.3152145,"[20.0, 0.0, -3.0, 0.2]":-0.35390222,"[20.0, 0.0, 0.0, 0.0]":-0.3828921,"[20.0, -4.0, 0.0, 0.2]":-1.4687915,"[40.0, 0.0, -3.0, 0.0]":-0.74878854,"[20.0, -4.0, 0.0, 0.0]":-1.4395602,"[0.0, 0.0, 3.0, 0.0]":-0.0779683,"[0.0, 4.0, 3.0, 0.2]":0.7844074},"layers":[{"dense_1_b":[[-0.22914463],[-0.23303303],[-1.3484806],[-0.15467599],[-1.1868533],[-0.12486807],[0.50799286],[-0.011485496]],"dense_1_W":[[0.015046055,-3.5463839,0.4459874,-0.16517855],[0.1345091,-0.58607435,-0.060870126,-0.03727267],[-0.97441417,1.6303474,0.89041096,0.04896659],[0.13677514,0.108581096,3.0997279,-0.0025412615],[0.9436855,-0.41165036,0.54907364,0.30352327],[0.06492612,-0.43127435,-0.09502576,0.021036688],[-0.13014264,0.63491035,0.13060564,0.05393202],[1.5223161,-1.3066775,-0.5804497,0.07290847]],