{"test_dict":{"[0.0,-4.0,3.0,-0.2,0.0,0.0,0.0,0.0,0.0,0.0]":-0.794627,"[20.0,0.0,-3.0,0.2,0.0,0.0,0.0,0.0,0.0,0.0]":0.3893487,"[0.0,0.0,3.0,-0.2,0.0,0.0,0.0,0.0,0.0,0.0]":-0.03131654,"[20.0,4.0,-3.0,0.2,0.0,0.0,0.0,0.0,0.0,0.0]":0.81148064,"[20.0,4.0,3.0,0.0,0.0,0.0,0.0,0.0,0.0,0.0]":0.89054024,"[40.0,0.0,3.0,0.0,0.0,0.0,0.0,0.0,0.0,0.0]":0.029683396,"[40.0,4.0,0.0,0.0,0.0,0.0,0.0,0.0,0.0,0.0]":0.8748827,"[0.0,-4.0,3.0,0.0,0.0,0.0,0.0,0.0,0.0,0.0]":-0.717008,"[20.0,0.0,0.0,0.0,0.0,0.0,0.0,0.0,0.0,0.0]":-0.017294973,"[20.0,-4.0,-3.0,0.0,0.0,0.0,0.0,0.0,0.0,0.0]":-0.9489187,"[40.0,-4.0,-3.0,-0.2,0.0,0.0,0.0,0.0,0.0,0.0]":-0.9613978,"[20.0,4.0,0.0,-0.2,0.0,0.0,0.0,0.0,0.0,0.0]":0.7596755,"[0.0,4.0,3.0,0.0,0.0,0.0,0.0,0.0,0.0,0.0]":0.883988,"[40.0,4.0,3.0,0.2,0.0,0.0,0.0,0.0,0.0,0.0]":0.90647256,"[20.0,0.0,0.0,0.2,0.0,0.0,0.0,0.0,0.0,0.0]":0.5540658,"[40.0,0.0,0.0,0.0,0.0,0.0,0.0,0.0,0.0,0.0]":-0.035577103,"[20.0,-4.0,0.0,-0.2,0.0,0.0,0.0,0.0,0.0,0.0]":-0.9500891,"[20.0,4.0,3.0,0.2,0.0,0.0,0.0,0.0,0.0,0.0]":0.9083092,"[0.0,4.0,-3.0,0.2,0.0,0.0,0.0,0.0,0.0,0.0]":0.8069064,"[0.0,4.0,0.0,0.2,0.0,0.0,0.0,0.0,0.0,0.0]":0.9020436,"[20.0,-4.0,-3.0,0.2,0.0,0.0,0.0,0.0,0.0,0.0]":-0.8747997,"[0.0,0.0,-3.0,0.0,0.0,0.0,0.0,0.0,0.0,0.0]":-0.27118367,"[20.0,0.0,-3.0,-0.2,0.0,0.0,0.0,0.0,0.0,0.0]":-0.6236885,"[40.0,-4.0,3.0,-0.2,0.0,0.0,0.0,0.0,0.0,0.0]":-0.84197086,"[40.0,0.0,3.0,-0.2,0.0,0.0,0.0,0.0,0.0,0.0]":-0.5305635,"[0.0,0.0,0.0,-0.2,0.0,0.0,0.0,0.0,0.0,0.0]":-0.38618165,"[0.0,0.0,3.0,0.0,0.0,0.0,0.0,0.0,0.0,0.0]":0.3569975,"[20.0,-4.0,0.0,0.2,0.0,0.0,0.0,0.0,0.0,0.0]":-0.78420246,"[20.0,-4.0,0.0,0.0,0.0,0.0,0.0,0.0,0.0,0.0]":-0.9209367,"[0.0,0.0,-3.0,-0.2,0.0,0.0,0.0,0.0,0.0,0.0]":-0.5463848,"[0.0,-4.0,0.0,-0.2,0.0,0.0,0.0,0.0,0.0,0.0]":-0.9329383,"[0.0,-4.0,-3.0,0.0,0.0,0.0,0.0,0.0,0.0,0.0]":-0.9239891,"[0.0,0.0,0.0,0.2,0.0,0.0,0.0,0.0,0.0,0.0]":0.46039802,"[20.0,4.0,-3.0,-0.2,0.0,0.0,0.0,0.0,0.0,0.0]":0.6702006,"[0.0,0.0,0.0,0.0,0.0,0.0,0.0,0.0,0.0,0.0]":0.023693025,"[20.0,0.0,3.0,-0.2,0.0,0.0,0.0,0.0,0.0,0.0]":-0.4804572,"[20.0,4.0,0.0,0.0,0.0,0.0,0.0,0.0,0.0,0.0]":0.8759277,"[40.0,0.0,-3.0,0.2,0.0,0.0,0.0,0.0,0.0,0.0]":0.40412593,"[0.0,-4.0,-3.0,-0.2,0.0,0.0,0.0,0.0,0.0,0.0]":-0.9459571,"[40.0,0.0,3.0,0.2,0.0,0.0,0.0,0.0,0.0,0.0]":0.5612109,"[40.0,0.0,-3.0,-0.2,0.0,0.0,0.0,0.0,0.0,0.0]":-0.6065651,"[0.0,4.0,0.0,0.0,0.0,0.0,0.0,0.0,0.0,0.0]":0.86853063,"[0.0,4.0,3.0,0.2,0.0,0.0,0.0,0.0,0.0,0.0]":0.9079187,"[20.0,4.0,0.0,0.2,0.0,0.0,0.0,0.0,0.0,0.0]":0.90257394,"[20.0,4.0,-3.0,0.0,0.0,0.0,0.0,0.0,0.0,0.0]":0.780573,"[40.0,0.0,-3.0,0.0,0.0,0.0,0.0,0.0,0.0,0.0]":-0.1068856,"[40.0,-4.0,0.0,0.2,0.0,0.0,0.0,0.0,0.0,0.0]":-0.78995514,"[40.0,4.0,-3.0,0.2,0.0,0.0,0.0,0.0,0.0,0.0]":0.813153,"[20.0,-4.0,3.0,0.0,0.0,0.0,0.0,0.0,0.0,0.0]":-0.81018084,"[20.0,0.0,3.0,0.0,0.0,0.0,0.0,0.0,0.0,0.0]":0.12143017,"[40.0,4.0,-3.0,-0.2,0.0,0.0,0.0,0.0,0.0,0.0]":0.6762961,"[20.0,4.0,3.0,-0.2,0.0,0.0,0.0,0.0,0.0,0.0]":0.8199665,"[40.0,4.0,0.0,0.2,0.0,0.0,0.0,0.0,0.0,0.0]":0.9003905,"[0.0,-4.0,0.0,0.0,0.0,0.0,0.0,0.0,0.0,0.0]":-0.8808919,"[40.0,-4.0,-3.0,0.2,0.0,0.0,0.0,0.0,0.0,0.0]":-0.8570126,"[40.0,-4.0,0.0,0.0,0.0,0.0,0.0,0.0,0.0,0.0]":-0.9233481,"[20.0,0.0,3.0,0.2,0.0,0.0,0.0,0.0,0.0,0.0]":0.6231212,"[20.0,0.0,0.0,-0.2,0.0,0.0,0.0,0.0,0.0,0.0]":-0.5639712,"[0.0,4.0,-3.0,0.0,0.0,0.0,0.0,0.0,0.0,0.0]":0.7647895,"[0.0,-4.0,3.0,0.2,0.0,0.0,0.0,0.0,0.0,0.0]":-0.6636741,"[40.0,0.0,0.0,0.2,0.0,0.0,0.0,0.0,0.0,0.0]":0.49540955,"[20.0,-4.0,3.0,0.2,0.0,0.0,0.0,0.0,0.0,0.0]":-0.6973269,"[0.0,4.0,0.0,-0.2,0.0,0.0,0.0,0.0,0.0,0.0]":0.77641904,"[0.0,-4.0,-3.0,0.2,0.0,0.0,0.0,0.0,0.0,0.0]":-0.8958826,"[0.0,0.0,3.0,0.2,0.0,0.0,0.0,0.0,0.0,0.0]":0.54773116,"[40.0,-4.0,3.0,0.2,0.0,0.0,0.0,0.0,0.0,0.0]":-0.73494387,"[0.0,4.0,-3.0,-0.2,0.0,0.0,0.0,0.0,0.0,0.0]":0.664757,"[20.0,-4.0,3.0,-0.2,0.0,0.0,0.0,0.0,0.0,0.0]":-0.8318642,"[20.0,-4.0,-3.0,-0.2,0.0,0.0,0.0,0.0,0.0,0.0]":-0.9586114,"[40.0,-4.0,-3.0,0.0,0.0,0.0,0.0,0.0,0.0,0.0]":-0.9464859,"[40.0,4.0,-3.0,0.0,0.0,0.0,0.0,0.0,0.0,0.0]":0.7870675,"[0.0,-4.0,0.0,0.2,0.0,0.0,0.0,0.0,0.0,0.0]":-0.7820451,"[40.0,-4.0,0.0,-0.2,0.0,0.0,0.0,0.0,0.0,0.0]":-0.9540704,"[40.0,4.0,0.0,-0.2,0.0,0.0,0.0,0.0,0.0,0.0]":0.7552411,"[0.0,0.0,-3.0,0.2,0.0,0.0,0.0,0.0,0.0,0.0]":0.21743216,"[40.0,0.0,0.0,-0.2,0.0,0.0,0.0,0.0,0.0,0.0]":-0.5661069,"[40.0,-4.0,3.0,0.0,0.0,0.0,0.0,0.0,0.0,0.0]":-0.8286102,"[20.0,0.0,-3.0,0.0,0.0,0.0,0.0,0.0,0.0,0.0]":-0.14344315,"[40.0,4.0,3.0,0.0,0.0,0.0,0.0,0.0,0.0,0.0]":0.8889531,"[40.0,4.0,3.0,-0.2,0.0,0.0,0.0,0.0,0.0,0.0]":0.7976954,"[0.0,4.0,3.0,-0.2,0.0,0.0,0.0,0.0,0.0,0.0]":0.8528794},"input_std":[[8.964302],[1.3210298],[0.7094995],[0.051974196],[0.2880564],[0.21681611],[0.24623522],[0.31755412],[0.45911756],[0.6973819]],"model_test_loss":0.017214635387063026,"input_size":10,"current_date_and_time":"2023-05-06_13-46-08","input_mean":[[20.1881],[0.10753108],[0.028286988],[-0.0021770329],[-0.017675469],[-0.0119246235],[0.0027164014],[0.0059035053],[0.0071344874],[0.0030270878]],"input_vars":["v_ego","lateral_accel","lateral_jerk","roll","lateral_accel_delta_m05","lateral_accel_delta_m03","lateral_accel_delta_p03","lateral_accel_delta_p05","lateral_accel_delta_p09","lateral_accel_delta_p17"],"output_size":1,"test_dict_zero_bias":{"[0.0,-4.0,3.0,-0.2,0.0,0.0,0.0,0.0,0.0,0.0]":-0.37962925,"[20.0,0.0,-3.0,0.2,0.0,0.0,0.0,0.0,0.0,0.0]":0.9385426,"[0.0,0.0,3.0,-0.2,0.0,0.0,0.0,0.0,0.0,0.0]":0.32484728,"[20.0,4.0,-3.0,0.2,0.0,0.0,0.0,0.0,0.0,0.0]":1.2027375,"[20.0,4.0,3.0,0.0,0.0,0.0,0.0,0.0,0.0,0.0]":1.3345865,"[40.0,0.0,3.0,0.0,0.0,0.0,0.0,0.0,0.0,0.0]":0.58207667,"[40.0,4.0,0.0,0.0,0.0,0.0,0.0,0.0,0.0,0.0]":1.2948943,"[0.0,-4.0,3.0,0.0,0.0,0.0,0.0,0.0,0.0,0.0]":-0.29156274,"[20.0,0.0,0.0,0.0,0.0,0.0,0.0,0.0,0.0,0.0]":0.60972357,"[20.0,-4.0,-3.0,0.0,0.0,0.0,0.0,0.0,0.0,0.0]":-0.52752376,"[40.0,-4.0,-3.0,-0.2,0.0,0.0,0.0,0.0,0.0,0.0]":-0.55476314,"[20.0,4.0,0.0,-0.2,0.0,0.0,0.0,0.0,0.0,0.0]":1.1821637,"[0.0,4.0,3.0,0.0,0.0,0.0,0.0,0.0,0.0,0.0]":1.3314835,"[40.0,4.0,3.0,0.2,0.0,0.0,0.0,0.0,0.0,0.0]":1.3331616,"[20.0,0.0,0.0,0.2,0.0,0.0,0.0,0.0,0.0,0.0]":1.0825804,"[40.0,0.0,0.0,0.0,0.0,0.0,0.0,0.0,0.0,0.0]":0.49575496,"[20.0,-4.0,0.0,-0.2,0.0,0.0,0.0,0.0,0.0,0.0]":-0.5392507,"[20.0,4.0,3.0,0.2,0.0,0.0,0.0,0.0,0.0,0.0]":1.3345937,"[0.0,4.0,-3.0,0.2,0.0,0.0,0.0,0.0,0.0,0.0]":1.1969191,"[0.0,4.0,0.0,0.2,0.0,0.0,0.0,0.0,0.0,0.0]":1.3210293,"[20.0,-4.0,-3.0,0.2,0.0,0.0,0.0,0.0,0.0,0.0]":-0.39089668,"[0.0,0.0,-3.0,0.0,0.0,0.0,0.0,0.0,0.0,0.0]":0.5599045,"[20.0,0.0,-3.0,-0.2,0.0,0.0,0.0,0.0,0.0,0.0]":-0.052287433,"[40.0,-4.0,3.0,-0.2,0.0,0.0,0.0,0.0,0.0,0.0]":-0.42796797,"[40.0,0.0,3.0,-0.2,0.0,0.0,0.0,0.0,0.0,0.0]":0.07259062,"[0.0,0.0,0.0,-0.2,0.0,0.0,0.0,0.0,0.0,0.0]":0.09190241,"[0.0,0.0,3.0,0.0,0.0,0.0,0.0,0.0,0.0,0.0]":0.9988831,"[20.0,-4.0,0.0,0.2,0.0,0.0,0.0,0.0,0.0,0.0]":-0.32974595,"[20.0,-4.0,0.0,0.0,0.0,0.0,0.0,0.0,0.0,0.0]":-0.50729847,"[0.0,0.0,-3.0,-0.2,0.0,0.0,0.0,0.0,0.0,0.0]":0.017144755,"[0.0,-4.0,0.0,-0.2,0.0,0.0,0.0,0.0,0.0,0.0]":-0.5226236,"[0.0,-4.0,-3.0,0.0,0.0,0.0,0.0,0.0,0.0,0.0]":-0.5050526,"[0.0,0.0,0.0,0.2,0.0,0.0,0.0,0.0,0.0,0.0]":1.1200863,"[20.0,4.0,-3.0,-0.2,0.0,0.0,0.0,0.0,0.0,0.0]":1.1289943,"[0.0,0.0,0.0,0.0,0.0,0.0,0.0,0.0,0.0,0.0]":0.67989904,"[20.0,0.0,3.0,-0.2,0.0,0.0,0.0,0.0,0.0,0.0]":0.10036422,"[20.0,4.0,0.0,0.0,0.0,0.0,0.0,0.0,0.0,0.0]":1.2878604,"[40.0,0.0,-3.0,0.2,0.0,0.0,0.0,0.0,0.0,0.0]":0.8347791,"[0.0,-4.0,-3.0,-0.2,0.0,0.0,0.0,0.0,0.0,0.0]":-0.5374579,"[40.0,0.0,3.0,0.2,0.0,0.0,0.0,0.0,0.0,0.0]":1.0042567,"[40.0,0.0,-3.0,-0.2,0.0,0.0,0.0,0.0,0.0,0.0]":-0.02879228,"[0.0,4.0,0.0,0.0,0.0,0.0,0.0,0.0,0.0,0.0]":1.2781603,"[0.0,4.0,3.0,0.2,0.0,0.0,0.0,0.0,0.0,0.0]":1.3339041,"[20.0,4.0,0.0,0.2,0.0,0.0,0.0,0.0,0.0,0.0]":1.3218831,"[20.0,4.0,-3.0,0.0,0.0,0.0,0.0,0.0,0.0,0.0]":1.1930034,"[40.0,0.0,-3.0,0.0,0.0,0.0,0.0,0.0,0.0,0.0]":0.43932676,"[40.0,-4.0,0.0,0.2,0.0,0.0,0.0,0.0,0.0,0.0]":-0.31200585,"[40.0,4.0,-3.0,0.2,0.0,0.0,0.0,0.0,0.0,0.0]":1.2112712,