{"test_dict":{"[40.0,0.0,4.0,0.2,0.0,0.0,0.0]":-0.33108094,"[20.0,0.0,0.0,0.0,0.0,0.0,0.0]":0.040294588,"[20.0,4.0,-4.0,0.2,0.0,0.0,0.0]":0.62087405,"[40.0,4.0,-4.0,0.0,0.0,0.0,0.0]":0.7116194,"[0.0,0.0,4.0,0.2,0.0,0.0,0.0]":0.66992974,"[20.0,4.0,-4.0,0.0,0.0,0.0,0.0]":0.7364181,"[20.0,-4.0,0.0,-0.2,0.0,0.0,0.0]":-0.75700223,"[20.0,4.0,0.0,-0.2,0.0,0.0,0.0]":0.96678734,"[20.0,0.0,-4.0,-0.2,0.0,0.0,0.0]":0.08793214,"[20.0,0.0,-4.0,0.0,0.0,0.0,0.0]":-0.18759987,"[40.0,-4.0,-4.0,0.0,0.0,0.0,0.0]":-1.061644,"[20.0,0.0,0.0,0.2,0.0,0.0,0.0]":-0.53682184,"[20.0,4.0,0.0,0.2,0.0,0.0,0.0]":0.87759227,"[0.0,-4.0,4.0,0.0,0.0,0.0,0.0]":-0.16895983,"[40.0,0.0,0.0,0.0,0.0,0.0,0.0]":-0.00655362,"[0.0,0.0,-4.0,0.0,0.0,0.0,0.0]":-0.81333965,"[0.0,4.0,-4.0,-0.2,0.0,0.0,0.0]":0.65512836,"[0.0,0.0,0.0,0.0,0.0,0.0,0.0]":-0.052643746,"[0.0,-4.0,-4.0,0.2,0.0,0.0,0.0]":-1.1429051,"[40.0,-4.0,4.0,0.2,0.0,0.0,0.0]":-0.7014197,"[40.0,4.0,0.0,0.2,0.0,0.0,0.0]":0.7527143,"[40.0,-4.0,0.0,-0.2,0.0,0.0,0.0]":-0.70095694,"[0.0,-4.0,0.0,0.0,0.0,0.0,0.0]":-1.0308669,"[40.0,4.0,0.0,-0.2,0.0,0.0,0.0]":0.895064,"[40.0,4.0,-4.0,-0.2,0.0,0.0,0.0]":0.7307574,"[0.0,4.0,-4.0,0.2,0.0,0.0,0.0]":0.7584108,"[40.0,-4.0,4.0,-0.2,0.0,0.0,0.0]":-0.49423718,"[0.0,-4.0,0.0,0.2,0.0,0.0,0.0]":-1.0674703,"[0.0,0.0,-4.0,-0.2,0.0,0.0,0.0]":-0.5131507,"[40.0,0.0,-4.0,0.0,0.0,0.0,0.0]":-0.012505785,"[20.0,-4.0,-4.0,0.2,0.0,0.0,0.0]":-1.1382037,"[0.0,4.0,0.0,0.0,0.0,0.0,0.0]":1.0015316,"[0.0,-4.0,-4.0,0.0,0.0,0.0,0.0]":-1.0958835,"[40.0,0.0,4.0,0.0,0.0,0.0,0.0]":0.08970973,"[40.0,0.0,-4.0,0.2,0.0,0.0,0.0]":-0.7201856,"[20.0,4.0,4.0,-0.2,0.0,0.0,0.0]":1.1385791,"[20.0,-4.0,4.0,0.0,0.0,0.0,0.0]":-0.6286203,"[40.0,4.0,4.0,0.0,0.0,0.0,0.0]":1.1295632,"[20.0,-4.0,0.0,0.2,0.0,0.0,0.0]":-0.98525083,"[20.0,-4.0,0.0,0.0,0.0,0.0,0.0]":-0.9743254,"[0.0,-4.0,4.0,0.2,0.0,0.0,0.0]":-0.11683586,"[40.0,4.0,4.0,-0.2,0.0,0.0,0.0]":1.1332846,"[40.0,-4.0,0.0,0.2,0.0,0.0,0.0]":-0.9288672,"[20.0,-4.0,4.0,0.2,0.0,0.0,0.0]":-0.62206984,"[0.0,-4.0,0.0,-0.2,0.0,0.0,0.0]":-0.8333191,"[0.0,4.0,4.0,-0.2,0.0,0.0,0.0]":1.1459508,"[0.0,4.0,0.0,-0.2,0.0,0.0,0.0]":1.0145854,"[40.0,4.0,-4.0,0.2,0.0,0.0,0.0]":0.520679,"[0.0,4.0,0.0,0.2,0.0,0.0,0.0]":0.8971374,"[40.0,4.0,4.0,0.2,0.0,0.0,0.0]":0.97127724,"[20.0,0.0,4.0,0.2,0.0,0.0,0.0]":0.15315728,"[0.0,0.0,0.0,0.2,0.0,0.0,0.0]":-0.07537076,"[0.0,4.0,4.0,0.2,0.0,0.0,0.0]":0.95899665,"[0.0,-4.0,4.0,-0.2,0.0,0.0,0.0]":-0.112030566,"[20.0,4.0,-4.0,-0.2,0.0,0.0,0.0]":0.724529,"[0.0,0.0,4.0,0.0,0.0,0.0,0.0]":0.9631214,"[20.0,4.0,0.0,0.0,0.0,0.0,0.0]":0.98932505,"[0.0,0.0,0.0,-0.2,0.0,0.0,0.0]":-0.16152148,"[40.0,0.0,0.0,-0.2,0.0,0.0,0.0]":0.5673237,"[20.0,-4.0,-4.0,0.0,0.0,0.0,0.0]":-1.0923703,"[40.0,-4.0,0.0,0.0,0.0,0.0,0.0]":-0.9224471,"[20.0,-4.0,-4.0,-0.2,0.0,0.0,0.0]":-0.8871542,"[0.0,4.0,-4.0,0.0,0.0,0.0,0.0]":0.7358767,"[40.0,4.0,0.0,0.0,0.0,0.0,0.0]":0.9125868,"[40.0,-4.0,4.0,0.0,0.0,0.0,0.0]":-0.67934376,"[20.0,0.0,4.0,-0.2,0.0,0.0,0.0]":0.75359374,"[40.0,-4.0,-4.0,0.2,0.0,0.0,0.0]":-1.0939313,"[20.0,4.0,4.0,0.2,0.0,0.0,0.0]":0.9556196,"[0.0,-4.0,-4.0,-0.2,0.0,0.0,0.0]":-0.8920743,"[0.0,0.0,4.0,-0.2,0.0,0.0,0.0]":1.2355819,"[0.0,4.0,4.0,0.0,0.0,0.0,0.0]":1.1211611,"[20.0,-4.0,4.0,-0.2,0.0,0.0,0.0]":-0.4987477,"[40.0,0.0,-4.0,-0.2,0.0,0.0,0.0]":0.43031818,"[20.0,0.0,-4.0,0.2,0.0,0.0,0.0]":-0.7102578,"[40.0,-4.0,-4.0,-0.2,0.0,0.0,0.0]":-0.8216692,"[20.0,4.0,4.0,0.0,0.0,0.0,0.0]":1.1165776,"[20.0,0.0,0.0,-0.2,0.0,0.0,0.0]":0.5698068,"[40.0,0.0,4.0,-0.2,0.0,0.0,0.0]":0.67932165,"[0.0,0.0,-4.0,0.2,0.0,0.0,0.0]":-1.1278807,"[40.0,0.0,0.0,0.2,0.0,0.0,0.0]":-0.5975714,"[20.0,0.0,4.0,0.0,0.0,0.0,0.0]":0.38809556},"input_std":[[9.662718],[1.665058],[1.0347857],[0.05719179],[0.06614421],[0.3586176],[0.0025808753]],"model_test_loss":0.02251082845032215,"input_size":7,"current_date_and_time":"2023-05-11_17-23-22","input_mean":[[16.451904],[0.022221437],[0.015631253],[-0.00078756275],[0.00019890601],[0.0013306207],[-2.815861e-5]],"input_vars":["v_ego","lateral_accel","lateral_jerk","roll","lateral_accel_delta_p03","lateral_jerk_delta_p03","roll_delta_p03"],"output_size":1,"test_dict_zero_bias":{"[40.0,0.0,4.0,0.2,0.0,0.0,0.0]":0.026723146,"[20.0,0.0,0.0,0.0,0.0,0.0,0.0]":0.009590179,"[20.0,4.0,-4.0,0.2,0.0,0.0,0.0]":0.49318427,"[40.0,4.0,-4.0,0.0,0.0,0.0,0.0]":0.47380716,"[0.0,0.0,4.0,0.2,0.0,0.0,0.0]":0.66573787,"[20.0,4.0,-4.0,0.0,0.0,0.0,0.0]":0.5715489,"[20.0,-4.0,0.0,-0.2,0.0,0.0,0.0]":-1.2232549,"[20.0,4.0,0.0,-0.2,0.0,0.0,0.0]":0.7037791,"[20.0,0.0,-4.0,-0.2,0.0,0.0,0.0]":-0.71102834,"[20.0,0.0,-4.0,0.0,0.0,0.0,0.0]":-1.0353836,"[40.0,-4.0,-4.0,0.0,0.0,0.0,0.0]":-1.5883836,"[20.0,0.0,0.0,0.2,0.0,0.0,0.0]":-0.32765126,"[20.0,4.0,0.0,0.2,0.0,0.0,0.0]":0.5646806,"[0.0,-4.0,4.0,0.0,0.0,0.0,0.0]":-0.4354036,"[40.0,0.0,0.0,0.0,0.0,0.0,0.0]":-0.34206462,"[0.0,0.0,-4.0,0.0,0.0,0.0,0.0]":-1.8636338,"[0.0,4.0,-4.0,-0.2,0.0,0.0,0.0]":-0.7846608,"[0.0,0.0,0.0,0.0,0.0,0.0,0.0]":-1.2368656,"[0.0,-4.0,-4.0,0.2,0.0,0.0,0.0]":-1.6375057,"[40.0,-4.0,4.0,0.2,0.0,0.0,0.0]":-1.0476314,"[40.0,4.0,0.0,0.2,0.0,0.0,0.0]":0.76600385,"[40.0,-4.0,0.0,-0.2,0.0,0.0,0.0]":-1.0005713,"[0.0,-4.0,0.0,0.0,0.0,0.0,0.0]":-1.6129817,"[40.0,4.0,0.0,-0.2,0.0,0.0,0.0]":0.8484865,"[40.0,4.0,-4.0,-0.2,0.0,0.0,0.0]":0.4648905,"[0.0,4.0,-4.0,0.2,0.0,0.0,0.0]":-0.20802006,"[40.0,-4.0,4.0,-0.2,0.0,0.0,0.0]":-0.9051994,"[0.0,-4.0,0.0,0.2,0.0,0.0,0.0]":-1.6763806,"[0.0,0.0,-4.0,-0.2,0.0,0.0,0.0]":-1.5625478,"[40.0,0.0,-4.0,0.0,0.0,0.0,0.0]":-0.65084743,"[20.0,-4.0,-4.0,0.2,0.0,0.0,0.0]":-1.6330299,"[0.0,4.0,0.0,0.0,0.0,0.0,0.0]":0.77926457,"[0.0,-4.0,-4.0,0.0,0.0,0.0,0.0]":-1.5975808,"[40.0,0.0,4.0,0.0,0.0,0.0,0.0]":0.26910543,"[40.0,0.0,-4.0,0.2,0.0,0.0,0.0]":-1.230174,"[20.0,4.0,4.0,-0.2,0.0,0.0,0.0]":0.77121884,"[20.0,-4.0,4.0,0.0,0.0,0.0,0.0]":-0.6654868,"[40.0,4.0,4.0,0.0,0.0,0.0,0.0]":0.76837504,"[20.0,-4.0,0.0,0.2,0.0,0.0,0.0]":-1.460455,"[20.0,-4.0,0.0,0.0,0.0,0.0,0.0]":-1.430513,"[0.0,-4.0,4.0,0.2,0.0,0.0,0.0]":-0.40659997,"[40.0,4.0,4.0,-0.2,0.0,0.0,0.0]":0.7972539,"[40.0,-4.0,0.0,0.2,0.0,0.0,0.0]":-1.2986869,"[20.0,-4.0,4.0,0.2,0.0,0.0,0.0]":-0.6222747,"[0.0,-4.0,0.0,-0.2,0.0,0.0,0.0]":-1.4443138,"[0.0,4.0,4.0,-0.2,0.0,0.0,0.0]":0.7792757,"[0.0,4.0,0.0,-0.2,0.0,0.0,0.0]":0.81298107,"[40.0,4.0,-4.0,0.2,0.0,0.0,0.0]":0.34026587,"[0.0,4.0,0.0,0.2,0.0,0.0,0.0]":0.6547743,"[40.0,4.0,4.0,0.2,0.0,0.0,0.0]":0.6052063,"[20.0,0.0,4.0,0.2,0.0,0.0,0.0]":0.2359196,"[0.0,0.0,0.0,0.2,0.0,0.0,0.0]":-1.5233415,"[0.0,4.0,4.0,0.2,0.0,0.0,0.0]":0.5906932,"[0.0,-4.0,4.0,-0.2,0.0,0.0,0.0]":-0.39246362,"[20.0,4.0,-4.0,-0.2,0.0,0.0,0.0]":0.5630766,"[0.0,0.0,4.0,0.0,0.0,0.0,0.0]":0.94017017,"[20.0,4.0,0.0,0.0,0.0,0.0,0.0]":0.68819547,"[0.0,0.0,0.0,-0.2,0.0,0.0,0.0]":-0.9664994,"[40.0,0.0,0.0,-0.2,0.0,0.0,0.0]":0.2328329,"[20.0,-4.0,-4.0,0.0,0.0,0.0,0.0]":-1.5927682,"[40.0,-4.0,0.0,0.0,0.0,0.0,0.0]":-1.2734997,"[20.0,-4.0,-4.0,-0.2,0.0,0.0,0.0]":-1.3980943,"[0.0,4.0,-4.0,0.0,0.0,0.0,0.0]":-0.55129087,"[40.0,4.0,0.0,0.0,0.0,0.0,0.0]":0.87122846,"[40.0,-4.0,4.0,0.0,0.0,0.0,0.0]":-1.0540291,"[20.0,0.0,4.0,-0.2,0.0,0.0,0.0]":0.81556594,"[40.0,-4.0,-4.0,0.2,0.0,0.0,0.0]":-1.6273322,"[20.0,4.0,4.0,0.2,0.0,0.0,0.0]":0.5856759,"[0.0,-4.0,-4.0,-0.2,0.0,0.0,0.0]":-1.4058924,"[0.0,0.0,4.0,-0.2,0.0,0.0,0.0]":1.229476,"[0.0,4.0,4.0,0.0,0.0,0.0,0.0]":0.75236535,"[20.0,-4.0,4.0,-0.2,0.0,0.0,0.0]":-0.503717,"[40.0,0.0,-4.0,-0.2,0.0,0.0,0.0]":-0.35020503,"[20.0,0.0,-4.0,0.2,0.0,0.0,0.0]":-1.4393723,"[40.0,-4.0,-4.0,-0.2,0.0,0.0,0.0]":-1.3887669,"[20.0,4.0,4.0,0.0,0.0,0.0,0.0]":0.74600154,"[20.0,0.0,0.0,-0.2,0.0,0.0,0.0]":0.31362453,"[40.0,0.0,4.0,-0.2,0.0,0.0,0.0]":0.63914406,"[0.0,0.0,-4.0,0.2,0.0,0.0,0.0]":-2.1434255,"[40.0,0.0,0.0,0.2,0.0,0.0,0.0]":-0.9193342,"[20.0,0.0,4.0,0.0,0.0,0.0,0.0]":0.53225434},"layers":[{"dense_1_b":[[-0.28714105],[2.217042],[1.5131626],[2.8777318],[-0.9714898],[2.609823],[0.23527627],[0.002503274]],