{"test_dict":{"[20.0,0.0,4.0,0.2,1.2,2.4,4.0,6.0,0.2,0.2,0.2,0.2]":0.052721344,"[0.0,0.0,0.0,0.0,0.0,0.0,0.0,0.0,0.0,0.0,0.0,0.0]":0.0063878717,"[0.0,4.0,0.0,0.2,4.0,4.0,4.0,4.0,0.2,0.2,0.2,0.2]":0.90358204,"[0.0,-4.0,-4.0,0.0,-5.2,-6.4,-8.0,-10.0,0.0,0.0,0.0,0.0]":-1.1902994,"[20.0,4.0,4.0,0.0,5.2,6.4,8.0,10.0,0.0,0.0,0.0,0.0]":1.1926733,"[0.0,4.0,4.0,-0.2,5.2,6.4,8.0,10.0,-0.2,-0.2,-0.2,-0.2]":1.208811,"[20.0,-4.0,4.0,0.0,-2.8,-1.6,0.0,2.0,0.0,0.0,0.0,0.0]":-0.95847064,"[40.0,4.0,4.0,-0.2,5.2,6.4,8.0,10.0,-0.2,-0.2,-0.2,-0.2]":1.1728146,"[20.0,4.0,-4.0,0.0,2.8,1.6,0.0,-2.0,0.0,0.0,0.0,0.0]":0.949987,"[20.0,-4.0,-4.0,0.0,-5.2,-6.4,-8.0,-10.0,0.0,0.0,0.0,0.0]":-1.1528409,"[20.0,0.0,-4.0,0.2,-1.2,-2.4,-4.0,-6.0,0.2,0.2,0.2,0.2]":-0.6715028,"[0.0,4.0,-4.0,0.2,2.8,1.6,0.0,-2.0,0.2,0.2,0.2,0.2]":0.80633664,"[40.0,4.0,0.0,0.0,4.0,4.0,4.0,4.0,0.0,0.0,0.0,0.0]":1.0214351,"[40.0,-4.0,-4.0,0.2,-5.2,-6.4,-8.0,-10.0,0.2,0.2,0.2,0.2]":-1.1593386,"[0.0,-4.0,0.0,0.2,-4.0,-4.0,-4.0,-4.0,0.2,0.2,0.2,0.2]":-1.1405026,"[0.0,0.0,-4.0,-0.2,-1.2,-2.4,-4.0,-6.0,-0.2,-0.2,-0.2,-0.2]":-0.76281005,"[0.0,0.0,4.0,-0.2,1.2,2.4,4.0,6.0,-0.2,-0.2,-0.2,-0.2]":1.1568537,"[0.0,-4.0,0.0,-0.2,-4.0,-4.0,-4.0,-4.0,-0.2,-0.2,-0.2,-0.2]":-0.8841118,"[0.0,4.0,-4.0,0.0,2.8,1.6,0.0,-2.0,0.0,0.0,0.0,0.0]":0.86349076,"[0.0,0.0,-4.0,0.0,-1.2,-2.4,-4.0,-6.0,0.0,0.0,0.0,0.0]":-1.0381837,"[40.0,0.0,-4.0,0.2,-1.2,-2.4,-4.0,-6.0,0.2,0.2,0.2,0.2]":-0.6896346,"[0.0,4.0,-4.0,-0.2,2.8,1.6,0.0,-2.0,-0.2,-0.2,-0.2,-0.2]":0.86332,"[40.0,-4.0,-4.0,-0.2,-5.2,-6.4,-8.0,-10.0,-0.2,-0.2,-0.2,-0.2]":-0.83309877,"[40.0,-4.0,0.0,0.0,-4.0,-4.0,-4.0,-4.0,0.0,0.0,0.0,0.0]":-1.0015293,"[0.0,-4.0,0.0,0.0,-4.0,-4.0,-4.0,-4.0,0.0,0.0,0.0,0.0]":-1.0836793,"[20.0,0.0,-4.0,-0.2,-1.2,-2.4,-4.0,-6.0,-0.2,-0.2,-0.2,-0.2]":-0.04640346,"[20.0,-4.0,0.0,0.2,-4.0,-4.0,-4.0,-4.0,0.2,0.2,0.2,0.2]":-1.2338169,"[20.0,4.0,-4.0,-0.2,2.8,1.6,0.0,-2.0,-0.2,-0.2,-0.2,-0.2]":0.9832222,"[0.0,0.0,4.0,0.0,1.2,2.4,4.0,6.0,0.0,0.0,0.0,0.0]":0.9711767,"[0.0,-4.0,-4.0,-0.2,-5.2,-6.4,-8.0,-10.0,-0.2,-0.2,-0.2,-0.2]":-1.0115794,"[0.0,4.0,4.0,0.2,5.2,6.4,8.0,10.0,0.2,0.2,0.2,0.2]":1.0429133,"[40.0,0.0,0.0,0.0,0.0,0.0,0.0,0.0,0.0,0.0,0.0,0.0]":0.009136474,"[20.0,-4.0,-4.0,0.2,-5.2,-6.4,-8.0,-10.0,0.2,0.2,0.2,0.2]":-1.2429914,"[40.0,0.0,4.0,0.0,1.2,2.4,4.0,6.0,0.0,0.0,0.0,0.0]":0.28120735,"[40.0,0.0,4.0,0.2,1.2,2.4,4.0,6.0,0.2,0.2,0.2,0.2]":0.04995366,"[20.0,-4.0,0.0,-0.2,-4.0,-4.0,-4.0,-4.0,-0.2,-0.2,-0.2,-0.2]":-0.85590607,"[40.0,-4.0,4.0,0.0,-2.8,-1.6,0.0,2.0,0.0,0.0,0.0,0.0]":-0.8823644,"[20.0,4.0,4.0,-0.2,5.2,6.4,8.0,10.0,-0.2,-0.2,-0.2,-0.2]":1.2672294,"[0.0,4.0,0.0,0.0,4.0,4.0,4.0,4.0,0.0,0.0,0.0,0.0]":1.0991026,"[20.0,4.0,0.0,0.2,4.0,4.0,4.0,4.0,0.2,0.2,0.2,0.2]":0.8743153,"[40.0,4.0,4.0,0.0,5.2,6.4,8.0,10.0,0.0,0.0,0.0,0.0]":1.0450625,"[0.0,-4.0,4.0,0.2,-2.8,-1.6,0.0,2.0,0.2,0.2,0.2,0.2]":-0.862046,"[40.0,4.0,4.0,0.2,5.2,6.4,8.0,10.0,0.2,0.2,0.2,0.2]":0.8511562,"[20.0,0.0,-4.0,0.0,-1.2,-2.4,-4.0,-6.0,0.0,0.0,0.0,0.0]":-0.29051548,"[40.0,-4.0,4.0,-0.2,-2.8,-1.6,0.0,2.0,-0.2,-0.2,-0.2,-0.2]":-0.64522845,"[40.0,-4.0,0.0,0.2,-4.0,-4.0,-4.0,-4.0,0.2,0.2,0.2,0.2]":-1.1111917,"[0.0,4.0,0.0,-0.2,4.0,4.0,4.0,4.0,-0.2,-0.2,-0.2,-0.2]":1.1532352,"[20.0,-4.0,-4.0,-0.2,-5.2,-6.4,-8.0,-10.0,-0.2,-0.2,-0.2,-0.2]":-0.931541,"[40.0,0.0,0.0,0.2,0.0,0.0,0.0,0.0,0.2,0.2,0.2,0.2]":-0.45385402,"[20.0,-4.0,4.0,-0.2,-2.8,-1.6,0.0,2.0,-0.2,-0.2,-0.2,-0.2]":-0.78919566,"[40.0,-4.0,4.0,0.2,-2.8,-1.6,0.0,2.0,0.2,0.2,0.2,0.2]":-0.88722426,"[20.0,0.0,4.0,-0.2,1.2,2.4,4.0,6.0,-0.2,-0.2,-0.2,-0.2]":0.69218504,"[20.0,4.0,4.0,0.2,5.2,6.4,8.0,10.0,0.2,0.2,0.2,0.2]":0.99028844,"[0.0,-4.0,4.0,0.0,-2.8,-1.6,0.0,2.0,0.0,0.0,0.0,0.0]":-0.8550038,"[40.0,4.0,0.0,0.2,4.0,4.0,4.0,4.0,0.2,0.2,0.2,0.2]":0.74222296,"[20.0,0.0,0.0,0.0,0.0,0.0,0.0,0.0,0.0,0.0,0.0,0.0]":0.009402335,"[20.0,-4.0,0.0,0.0,-4.0,-4.0,-4.0,-4.0,0.0,0.0,0.0,0.0]":-1.1223029,"[0.0,4.0,4.0,0.0,5.2,6.4,8.0,10.0,0.0,0.0,0.0,0.0]":1.200862,"[40.0,4.0,0.0,-0.2,4.0,4.0,4.0,4.0,-0.2,-0.2,-0.2,-0.2]":1.1433774,"[40.0,4.0,-4.0,0.2,2.8,1.6,0.0,-2.0,0.2,0.2,0.2,0.2]":0.668437,"[20.0,0.0,4.0,0.0,1.2,2.4,4.0,6.0,0.0,0.0,0.0,0.0]":0.3107955,"[40.0,-4.0,0.0,-0.2,-4.0,-4.0,-4.0,-4.0,-0.2,-0.2,-0.2,-0.2]":-0.7339521,"[0.0,0.0,4.0,0.2,1.2,2.4,4.0,6.0,0.2,0.2,0.2,0.2]":0.72386533,"[40.0,0.0,0.0,-0.2,0.0,0.0,0.0,0.0,-0.2,-0.2,-0.2,-0.2]":0.48169568,"[40.0,4.0,-4.0,-0.2,2.8,1.6,0.0,-2.0,-0.2,-0.2,-0.2,-0.2]":0.9474199,"[40.0,0.0,-4.0,-0.2,-1.2,-2.4,-4.0,-6.0,-0.2,-0.2,-0.2,-0.2]":-0.026067885,"[20.0,4.0,0.0,0.0,4.0,4.0,4.0,4.0,0.0,0.0,0.0,0.0]":1.1288426,"[0.0,-4.0,4.0,-0.2,-2.8,-1.6,0.0,2.0,-0.2,-0.2,-0.2,-0.2]":-0.7941816,"[40.0,-4.0,-4.0,0.0,-5.2,-6.4,-8.0,-10.0,0.0,0.0,0.0,0.0]":-1.0080137,"[20.0,0.0,0.0,0.2,0.0,0.0,0.0,0.0,0.2,0.2,0.2,0.2]":-0.46455503,"[0.0,0.0,-4.0,0.2,-1.2,-2.4,-4.0,-6.0,0.2,0.2,0.2,0.2]":-1.1512067,"[40.0,0.0,-4.0,0.0,-1.2,-2.4,-4.0,-6.0,0.0,0.0,0.0,0.0]":-0.2677628,"[20.0,4.0,-4.0,0.2,2.8,1.6,0.0,-2.0,0.2,0.2,0.2,0.2]":0.7863293,"[40.0,0.0,4.0,-0.2,1.2,2.4,4.0,6.0,-0.2,-0.2,-0.2,-0.2]":0.7001502,"[40.0,4.0,-4.0,0.0,2.8,1.6,0.0,-2.0,0.0,0.0,0.0,0.0]":0.9077833,"[20.0,0.0,0.0,-0.2,0.0,0.0,0.0,0.0,-0.2,-0.2,-0.2,-0.2]":0.46619618,"[20.0,4.0,0.0,-0.2,4.0,4.0,4.0,4.0,-0.2,-0.2,-0.2,-0.2]":1.2272853,"[20.0,-4.0,4.0,0.2,-2.8,-1.6,0.0,2.0,0.2,0.2,0.2,0.2]":-0.986376,"[0.0,0.0,0.0,-0.2,0.0,0.0,0.0,0.0,-0.2,-0.2,-0.2,-0.2]":0.4765205,"[0.0,-4.0,-4.0,0.2,-5.2,-6.4,-8.0,-10.0,0.2,0.2,0.2,0.2]":-1.1871277,"[0.0,0.0,0.0,0.2,0.0,0.0,0.0,0.0,0.2,0.2,0.2,0.2]":-0.4622787},"input_std":[[10.279904],[1.998897],[0.84725434],[0.045389645],[1.9370497],[1.8455056],[1.7233455],[1.6504037],[0.04514214],[0.04495978],[0.044785917],[0.044645134]],"model_test_loss":0.017801610752940178,"input_size":12,"current_date_and_time":"2023-06-14_10-46-48","input_mean":[[18.969955],[0.04619859],[0.025676508],[0.00041122214],[0.051520474],[0.052230105],[0.047556154],[0.043549187],[0.0002445657],[0.00010884044],[-5.0783474e-5],[-0.00011941028]],"input_vars":["v_ego","lateral_accel","lateral_jerk","roll","lateral_accel_p03","lateral_accel_p06","lateral_accel_p10","lateral_accel_p15","roll_p03","roll_p06","roll_p10","roll_p15"],"output_size":1,"test_dict_zero_bias":{"[20.0,0.0,4.0,0.2,1.2,2.4,4.0,6.0,0.2,0.2,0.2,0.2]":0.090357296,"[0.0,0.0,0.0,0.0,0.0,0.0,0.0,0.0,0.0,0.0,0.0,0.0]":-0.16315968,"[0.0,4.0,0.0,0.2,4.0,4.0,4.0,4.0,0.2,0.2,0.2,0.2]":1.1364568,"[0.0,-4.0,-4.0,0.0,-5.2,-6.4,-8.0,-10.0,0.0,0.0,0.0,0.0]":-1.5487323,"[20.0,4.0,4.0,0.0,5.2,6.4,8.0,10.0,0.0,0.0,0.0,0.0]":1.143996,"[0.0,4.0,4.0,-0.2,5.2,6.4,8.0,10.0,-0.2,-0.2,-0.2,-0.2]":1.3153627,"[20.0,-4.0,4.0,0.0,-2.8,-1.6,0.0,2.0,0.0,0.0,0.0,0.0]":-1.2451764,"[40.0,4.0,4.0,-0.2,5.2,6.4,8.0,10.0,-0.2,-0.2,-0.2,-0.2]":1.0735818,"[20.0,4.0,-4.0,0.0,2.8,1.6,0.0,-2.0,0.0,0.0,0.0,0.0]":0.8632082,"[20.0,-4.0,-4.0,0.0,-5.2,-6.4,-8.0,-10.0,0.0,0.0,0.0,0.0]":-1.5026709,"[20.0,0.0,-4.0,0.2,-1.2,-2.4,-4.0,-6.0,0.2,0.2,0.2,0.2]":-0.9316968,"[0.0,4.0,-4.0,0.2,2.8,1.6,0.0,-2.0,0.2,0.2,0.2,0.2]":1.1189167,"[40.0,4.0,0.0,0.0,4.0,4.0,4.0,4.0,0.0,0.0,0.0,0.0]":0.9032591,"[40.0,-4.0,-4.0,0.2,-5.2,-6.4,-8.0,-10.0,0.2,0.2,0.2,0.2]":-1.4131807,"[0.0,-4.0,0.0,0.2,-4.0,-4.0,-4.0,-4.0,0.2,0.2,0.2,0.2]":-1.5286105,"[0.0,0.0,-4.0,-0.2,-1.2,-2.4,-4.0,-6.0,-0.2,-0.2,-0.2,-0.2]":-0.95796174,"[0.0,0.0,4.0,-0.2,1.2,2.4,4.0,6.0,-0.2,-0.2,-0.2,-0.2]":1.1501598,"[0.0,-4.0,0.0,-0.2,-4.0,-4.0,-4.0,-4.0,-0.2,-0.2,-0.2,-0.2]":-1.3063012,"[0.0,4.0,-4.0,0.0,2.8,1.6,0.0,-2.0,0.0,0.0,0.0,0.0]":1.1085341,"[0.0,0.0,-4.0,0.0,-1.2,-2.4,-4.0,-6.0,0.0,0.0,0.0,0.0]":-1.2864567,"[40.0,0.0,-4.0,0.2,-1.2,-2.4,-4.0,-6.0,0.2,0.2,0.2,0.2]":-0.9525686,"[0.0,4.0,-4.0,-0.2,2.8,1.6,0.0,-2.0,-0.2,-0.2,-0.2,-0.2]":1.0585953,"[40.0,-4.0,-4.0,-0.2,-5.2,-6.4,-8.0,-10.0,-0.2,-0.2,-0.2,-0.2]":-1.1173201,"[40.0,-4.0,0.0,0.0,-4.0,-4.0,-4.0,-4.0,0.0,0.0,0.0,0.0]":-1.2776895,"[0.0,-4.0,0.0,0.0,-4.0,-4.0,-4.0,-4.0,0.0,0.0,0.0,0.0]":-1.5008137,"[20.0,0.0,-4.0,-0.2,-1.2,-2.4,-4.0,-6.0,-0.2,-0.2,-0.2,-0.2]":-0.30310345,