{"test_dict":{"[20.0, -4.0, 0.0, -0.2]":-0.59091854,"[0.0, -4.0, 3.0, -0.2]":-0.5679304,"[20.0, 0.0, 3.0, 0.2]":0.77267313,"[20.0, 4.0, 0.0, 0.0]":0.7275801,"[40.0, 0.0, 0.0, 0.0]":0.018251445,"[40.0, -4.0, 0.0, 0.0]":-0.65336716,"[0.0, 0.0, 0.0, 0.2]":0.066682264,"[40.0, 4.0, -3.0, 0.0]":0.5970379,"[20.0, 0.0, 3.0, -0.2]":-0.1703201,"[0.0, -4.0, 0.0, -0.2]":-0.8387154,"[0.0, 4.0, -3.0, 0.2]":0.19201146,"[20.0, 4.0, -3.0, -0.2]":0.3059355,"[20.0, 4.0, 0.0, -0.2]":0.5685627,"[40.0, 4.0, 0.0, 0.0]":0.7185913,"[20.0, -4.0, -3.0, -0.2]":-0.79158556,"[0.0, 4.0, 3.0, -0.2]":0.87364286,"[20.0, 4.0, -3.0, 0.2]":0.6284166,"[40.0, 0.0, 3.0, -0.2]":-0.42201155,"[40.0, 4.0, 0.0, -0.2]":0.47437418,"[0.0, -4.0, 0.0, 0.2]":-0.6307481,"[0.0, 0.0, -3.0, 0.0]":-0.50338477,"[0.0, 0.0, -3.0, 0.2]":0.026391525,"[20.0, 0.0, -3.0, -0.2]":-0.6797498,"[0.0, 4.0, -3.0, -0.2]":0.40156835,"[40.0, -4.0, -3.0, 0.0]":-0.8732096,"[40.0, 4.0, 3.0, 0.2]":0.8876982,"[20.0, 4.0, 3.0, 0.2]":0.8622326,"[0.0, 0.0, 0.0, 0.0]":-0.0029030591,"[0.0, 4.0, 0.0, -0.2]":0.8245623,"[0.0, 4.0, 0.0, 0.0]":0.8267858,"[40.0, 4.0, -3.0, 0.2]":0.6648316,"[20.0, -4.0, 3.0, 0.2]":-0.39794433,"[0.0, 0.0, -3.0, -0.2]":-0.9194518,"[0.0, -4.0, -3.0, 0.0]":-0.7964616,"[20.0, 4.0, 3.0, 0.0]":0.8911086,"[40.0, 0.0, 0.0, -0.2]":-0.4612401,"[40.0, 0.0, 3.0, 0.2]":0.79198766,"[0.0, 0.0, 3.0, -0.2]":0.105150014,"[40.0, -4.0, 3.0, 0.0]":-0.37783873,"[0.0, 0.0, 0.0, -0.2]":-0.20250532,"[20.0, 4.0, 3.0, -0.2]":0.60985863,"[0.0, -4.0, 3.0, 0.0]":-0.719707,"[40.0, -4.0, -3.0, -0.2]":-0.78366315,"[40.0, -4.0, -3.0, 0.2]":-0.60867316,"[40.0, 0.0, 0.0, 0.2]":0.47842968,"[0.0, 4.0, 3.0, 0.0]":0.975114,"[40.0, 4.0, -3.0, -0.2]":0.35845435,"[0.0, -4.0, -3.0, -0.2]":-0.8567804,"[0.0, -4.0, 3.0, 0.2]":-0.5934791,"[20.0, 4.0, -3.0, 0.0]":0.61523306,"[40.0, 0.0, 3.0, 0.0]":0.1757405,"[40.0, -4.0, 0.0, -0.2]":-0.41438454,"[40.0, -4.0, 3.0, 0.2]":-0.26730928,"[20.0, -4.0, -3.0, 0.0]":-0.8193594,"[20.0, -4.0, 3.0, 0.0]":-0.3828592,"[40.0, 0.0, -3.0, 0.2]":0.23549494,"[20.0, 0.0, -3.0, 0.0]":-0.35382146,"[40.0, 0.0, -3.0, -0.2]":-0.59435844,"[40.0, 4.0, 0.0, 0.2]":0.690076,"[0.0, -4.0, 0.0, 0.0]":-0.8320673,"[20.0, -4.0, 3.0, -0.2]":-0.34424385,"[20.0, 0.0, 3.0, 0.0]":0.2609643,"[20.0, 4.0, 0.0, 0.2]":0.59407437,"[40.0, 4.0, 3.0, -0.2]":0.4755612,"[20.0, 0.0, 0.0, -0.2]":-0.36931872,"[40.0, 4.0, 3.0, 0.0]":0.8672997,"[40.0, -4.0, 0.0, 0.2]":-0.5586092,"[20.0, 0.0, 0.0, 0.2]":0.46759534,"[0.0, 0.0, 3.0, 0.2]":0.88089913,"[0.0, -4.0, -3.0, 0.2]":-0.5646655,"[0.0, 4.0, 0.0, 0.2]":0.5983947,"[0.0, 4.0, -3.0, 0.0]":0.40067527,"[20.0, -4.0, -3.0, 0.2]":-0.62324846,"[40.0, -4.0, 3.0, -0.2]":-0.25616422,"[20.0, 0.0, -3.0, 0.2]":0.06400253,"[20.0, 0.0, 0.0, 0.0]":-0.017744072,"[20.0, -4.0, 0.0, 0.2]":-0.6572782,"[40.0, 0.0, -3.0, 0.0]":-0.10733208,"[20.0, -4.0, 0.0, 0.0]":-0.7422061,"[0.0, 0.0, 3.0, 0.0]":0.65108085,"[0.0, 4.0, 3.0, 0.2]":0.90494597},"input_std":[[8.319471],[1.2150466],[1.1396203],[0.0319666]],"model_test_loss":0.028453693953156473,"input_size":4,"current_date_and_time":"2023-04-19_17-38-05","input_mean":[[15.74566],[-0.05165828],[0.035177693],[0.011137696]],"output_size":1,"test_dict_zero_bias":{"[20.0, -4.0, 0.0, -0.2]":-0.46305597,"[0.0, -4.0, 3.0, -0.2]":-0.53152204,"[20.0, 0.0, 3.0, 0.2]":1.0551101,"[20.0, 4.0, 0.0, 0.0]":1.0325919,"[40.0, 0.0, 0.0, 0.0]":0.22376573,"[40.0, -4.0, 0.0, 0.0]":-0.5421063,"[0.0, 0.0, 0.0, 0.2]":0.3268179,"[40.0, 4.0, -3.0, 0.0]":0.85484535,"[20.0, 0.0, 3.0, -0.2]":0.14973728,"[0.0, -4.0, 0.0, -0.2]":-0.6000984,"[0.0, 4.0, -3.0, 0.2]":0.23641925,"[20.0, 4.0, -3.0, -0.2]":0.5751243,"[20.0, 4.0, 0.0, -0.2]":0.9014598,"[40.0, 4.0, 0.0, 0.0]":1.0089949,"[20.0, -4.0, -3.0, -0.2]":-0.56163824,"[0.0, 4.0, 3.0, -0.2]":1.2076557,"[20.0, 4.0, -3.0, 0.2]":0.71114385,"[40.0, 0.0, 3.0, -0.2]":-0.08805537,"[40.0, 4.0, 0.0, -0.2]":0.7430941,"[0.0, -4.0, 0.0, 0.2]":-0.3927039,"[0.0, 0.0, -3.0, 0.0]":-0.2381125,"[0.0, 0.0, -3.0, 0.2]":0.2948027,"[20.0, 0.0, -3.0, -0.2]":-0.5732782,"[0.0, 4.0, -3.0, -0.2]":0.6224693,"[40.0, -4.0, -3.0, 0.0]":-0.64022166,"[40.0, 4.0, 3.0, 0.2]":1.1846108,"[20.0, 4.0, 3.0, 0.2]":1.1629325,"[0.0, 0.0, 0.0, 0.0]":0.06540659,"[0.0, 4.0, 0.0, -0.2]":1.1936883,"[0.0, 4.0, 0.0, 0.0]":1.1688243,"[40.0, 4.0, -3.0, 0.2]":0.9113249,"[20.0, -4.0, 3.0, 0.2]":-0.28702813,"[0.0, 0.0, -3.0, -0.2]":-0.71203446,"[0.0, -4.0, -3.0, 0.0]":-0.56672806,"[20.0, 4.0, 3.0, 0.0]":1.1891532,"[40.0, 0.0, 0.0, -0.2]":-0.18162316,"[40.0, 0.0, 3.0, 0.2]":1.0484072,"[0.0, 0.0, 3.0, -0.2]":0.3284888,"[40.0, -4.0, 3.0, 0.0]":-0.09435141,"[0.0, 0.0, 0.0, -0.2]":-0.24250075,"[20.0, 4.0, 3.0, -0.2]":0.97315305,"[0.0, -4.0, 3.0, 0.0]":-0.557423,"[40.0, -4.0, -3.0, -0.2]":-0.57081926,"[40.0, -4.0, -3.0, 0.2]":-0.3912319,"[40.0, 0.0, 0.0, 0.2]":0.6656537,"[0.0, 4.0, 3.0, 0.0]":1.3616548,"[40.0, 4.0, -3.0, -0.2]":0.61018217,"[0.0, -4.0, -3.0, -0.2]":-0.6311738,"[0.0, -4.0, 3.0, 0.2]":-0.3735829,"[20.0, 4.0, -3.0, 0.0]":0.8257323,"[40.0, 0.0, 3.0, 0.0]":0.41392425,"[40.0, -4.0, 0.0, -0.2]":-0.2913166,"[40.0, -4.0, 3.0, 0.2]":-0.12598741,"[20.0, -4.0, -3.0, 0.0]":-0.56272304,"[20.0, -4.0, 3.0, 0.0]":-0.34730443,"[40.0, 0.0, -3.0, 0.2]":0.24533604,"[20.0, 0.0, -3.0, 0.0]":-0.23592958,"[40.0, 0.0, -3.0, -0.2]":-0.41846123,"[40.0, 4.0, 0.0, 0.2]":0.9660312,"[0.0, -4.0, 0.0, 0.0]":-0.6015657,"[20.0, -4.0, 3.0, -0.2]":-0.21010527,"[20.0, 0.0, 3.0, 0.0]":0.6468731,"[20.0, 4.0, 0.0, 0.2]":0.8850538,"[40.0, 4.0, 3.0, -0.2]":0.74514896,"[20.0, 0.0, 0.0, -0.2]":-0.06640974,"[40.0, 4.0, 3.0, 0.0]":1.1541039,"[40.0, -4.0, 0.0, 0.2]":-0.42442298,"[20.0, 0.0, 0.0, 0.2]":0.4534494,"[0.0, 0.0, 3.0, 0.2]":1.0569084,"[0.0, -4.0, -3.0, 0.2]":-0.3152518,"[0.0, 4.0, 0.0, 0.2]":0.7891022,"[0.0, 4.0, -3.0, 0.0]":0.38776165,"[20.0, -4.0, -3.0, 0.2]":-0.37314004,"[40.0, -4.0, 3.0, -0.2]":0.024486804,"[20.0, 0.0, -3.0, 0.2]":0.24826255,"[20.0, 0.0, 0.0, 0.0]":0.12315852,"[20.0, -4.0, 0.0, 0.2]":-0.40354216,"[40.0, 0.0, -3.0, 0.0]":-0.064867735,"[20.0, -4.0, 0.0, 0.0]":-0.52013206,"[0.0, 0.0, 3.0, 0.0]":0.83879435,"[0.0, 4.0, 3.0, 0.2]":1.209276},"layers":[{"dense_1_b":[[-0.05293807],[-0.16223522],[-2.23785],[-0.12739946],[-0.4483889],[1.2094091],[-0.15504214],[-0.115023956]],"dense_1_W":[[-0.20060213,-1.3318738,0.29862437,-0.739475],[0.72343767,-1.0240389,-0.2774692,-0.2611531],[-1.200805,-1.5192773,-1.4022293,0.23670578],[-0.28797916,0.14478442,2.1842241,-0.27044418],[-0.69981086,0.8199071,0.3556815,-0.34068918],[1.1342472,1.0110033,-0.26993027,0.37828562],[-0.02411832,-3.8870955,-0.2529858,-0.3926849],[-1.1792752,0.75089437,0.9193612,-0.19830634]],