{"test_dict":{"[40.0,0.0,0.0,-0.2,0.0,0.0,0.0,-0.2,-0.2,-0.2]":0.32395235,"[0.0,0.0,-4.0,0.2,1.2,-1.2,-3.2,0.2,0.2,0.2]":-0.7915366,"[40.0,-4.0,4.0,0.0,-5.2,-2.8,-0.7999999999999998,0.0,0.0,0.0]":-0.562608,"[20.0,0.0,0.0,0.0,0.0,0.0,0.0,0.0,0.0,0.0]":0.007026049,"[40.0,0.0,0.0,0.0,0.0,0.0,0.0,0.0,0.0,0.0]":0.0023296615,"[40.0,0.0,0.0,0.2,0.0,0.0,0.0,0.2,0.2,0.2]":-0.32478496,"[20.0,4.0,4.0,0.0,2.8,5.2,7.2,0.0,0.0,0.0]":0.977516,"[20.0,4.0,0.0,-0.2,4.0,4.0,4.0,-0.2,-0.2,-0.2]":0.928129,"[20.0,4.0,0.0,0.0,4.0,4.0,4.0,0.0,0.0,0.0]":0.89448637,"[20.0,-4.0,-4.0,0.0,-2.8,-5.2,-7.2,0.0,0.0,0.0]":-0.9689656,"[0.0,-4.0,-4.0,0.2,-2.8,-5.2,-7.2,0.2,0.2,0.2]":-0.9670391,"[40.0,4.0,-4.0,0.0,5.2,2.8,0.7999999999999998,0.0,0.0,0.0]":0.5799362,"[40.0,-4.0,-4.0,-0.2,-2.8,-5.2,-7.2,-0.2,-0.2,-0.2]":-0.9195627,"[40.0,4.0,4.0,0.0,2.8,5.2,7.2,0.0,0.0,0.0]":0.9817452,"[20.0,4.0,-4.0,0.0,5.2,2.8,0.7999999999999998,0.0,0.0,0.0]":0.6272919,"[20.0,0.0,-4.0,-0.2,1.2,-1.2,-3.2,-0.2,-0.2,-0.2]":-0.40036324,"[20.0,0.0,4.0,0.2,-1.2,1.2,3.2,0.2,0.2,0.2]":0.40963778,"[0.0,4.0,4.0,0.0,2.8,5.2,7.2,0.0,0.0,0.0]":0.94793415,"[0.0,4.0,0.0,0.0,4.0,4.0,4.0,0.0,0.0,0.0]":0.932881,"[0.0,0.0,-4.0,0.0,1.2,-1.2,-3.2,0.0,0.0,0.0]":-0.7708982,"[20.0,-4.0,0.0,-0.2,-4.0,-4.0,-4.0,-0.2,-0.2,-0.2]":-0.74370575,"[0.0,0.0,4.0,0.2,-1.2,1.2,3.2,0.2,0.2,0.2]":0.63502264,"[20.0,-4.0,0.0,0.0,-4.0,-4.0,-4.0,0.0,0.0,0.0]":-0.8893186,"[0.0,0.0,0.0,0.0,0.0,0.0,0.0,0.0,0.0,0.0]":0.011912157,"[20.0,0.0,4.0,-0.2,-1.2,1.2,3.2,-0.2,-0.2,-0.2]":0.8092714,"[40.0,-4.0,4.0,0.2,-5.2,-2.8,-0.7999999999999998,0.2,0.2,0.2]":-0.6708669,"[0.0,4.0,0.0,-0.2,4.0,4.0,4.0,-0.2,-0.2,-0.2]":0.939879,"[0.0,-4.0,4.0,0.0,-5.2,-2.8,-0.7999999999999998,0.0,0.0,0.0]":-0.5838424,"[0.0,0.0,4.0,0.0,-1.2,1.2,3.2,0.0,0.0,0.0]":0.78259265,"[20.0,-4.0,4.0,-0.2,-5.2,-2.8,-0.7999999999999998,-0.2,-0.2,-0.2]":-0.3923528,"[0.0,0.0,0.0,0.2,0.0,0.0,0.0,0.2,0.2,0.2]":-0.1848848,"[0.0,4.0,-4.0,0.0,5.2,2.8,0.7999999999999998,0.0,0.0,0.0]":0.612712,"[40.0,-4.0,-4.0,0.0,-2.8,-5.2,-7.2,0.0,0.0,0.0]":-0.95393443,"[40.0,-4.0,0.0,-0.2,-4.0,-4.0,-4.0,-0.2,-0.2,-0.2]":-0.77927804,"[20.0,-4.0,0.0,0.2,-4.0,-4.0,-4.0,0.2,0.2,0.2]":-0.91937524,"[20.0,-4.0,4.0,0.2,-5.2,-2.8,-0.7999999999999998,0.2,0.2,0.2]":-0.7051425,"[0.0,-4.0,-4.0,-0.2,-2.8,-5.2,-7.2,-0.2,-0.2,-0.2]":-0.8883729,"[0.0,-4.0,4.0,-0.2,-5.2,-2.8,-0.7999999999999998,-0.2,-0.2,-0.2]":-0.38689128,"[20.0,0.0,-4.0,0.2,1.2,-1.2,-3.2,0.2,0.2,0.2]":-0.780898,"[20.0,-4.0,4.0,0.0,-5.2,-2.8,-0.7999999999999998,0.0,0.0,0.0]":-0.62765586,"[0.0,0.0,-4.0,-0.2,1.2,-1.2,-3.2,-0.2,-0.2,-0.2]":-0.64512384,"[0.0,-4.0,0.0,0.2,-4.0,-4.0,-4.0,0.2,0.2,0.2]":-0.9239997,"[0.0,0.0,4.0,-0.2,-1.2,1.2,3.2,-0.2,-0.2,-0.2]":0.82083035,"[20.0,-4.0,-4.0,-0.2,-2.8,-5.2,-7.2,-0.2,-0.2,-0.2]":-0.9305497,"[20.0,0.0,0.0,-0.2,0.0,0.0,0.0,-0.2,-0.2,-0.2]":0.2416395,"[20.0,0.0,4.0,0.0,-1.2,1.2,3.2,0.0,0.0,0.0]":0.7099201,"[40.0,0.0,-4.0,-0.2,1.2,-1.2,-3.2,-0.2,-0.2,-0.2]":-0.4566887,"[40.0,4.0,0.0,0.2,4.0,4.0,4.0,0.2,0.2,0.2]":0.78946394,"[0.0,4.0,4.0,-0.2,2.8,5.2,7.2,-0.2,-0.2,-0.2]":0.9572678,"[40.0,4.0,0.0,0.0,4.0,4.0,4.0,0.0,0.0,0.0]":0.91402185,"[0.0,4.0,-4.0,-0.2,5.2,2.8,0.7999999999999998,-0.2,-0.2,-0.2]":0.69821584,"[40.0,-4.0,-4.0,0.2,-2.8,-5.2,-7.2,0.2,0.2,0.2]":-0.9551606,"[20.0,0.0,0.0,0.2,0.0,0.0,0.0,0.2,0.2,0.2]":-0.22264649,"[40.0,-4.0,0.0,0.0,-4.0,-4.0,-4.0,0.0,0.0,0.0]":-0.9066136,"[20.0,4.0,-4.0,0.2,5.2,2.8,0.7999999999999998,0.2,0.2,0.2]":0.40107626,"[40.0,0.0,4.0,0.0,-1.2,1.2,3.2,0.0,0.0,0.0]":0.7446051,"[40.0,4.0,-4.0,0.2,5.2,2.8,0.7999999999999998,0.2,0.2,0.2]":0.21803956,"[40.0,4.0,-4.0,-0.2,5.2,2.8,0.7999999999999998,-0.2,-0.2,-0.2]":0.68229,"[40.0,4.0,4.0,0.2,2.8,5.2,7.2,0.2,0.2,0.2]":0.94445646,"[40.0,-4.0,0.0,0.2,-4.0,-4.0,-4.0,0.2,0.2,0.2]":-0.9271102,"[20.0,4.0,-4.0,-0.2,5.2,2.8,0.7999999999999998,-0.2,-0.2,-0.2]":0.6899287,"[20.0,4.0,0.0,0.2,4.0,4.0,4.0,0.2,0.2,0.2]":0.7469316,"[0.0,0.0,0.0,-0.2,0.0,0.0,0.0,-0.2,-0.2,-0.2]":0.22900294,"[20.0,0.0,-4.0,0.0,1.2,-1.2,-3.2,0.0,0.0,0.0]":-0.67655164,"[0.0,4.0,0.0,0.2,4.0,4.0,4.0,0.2,0.2,0.2]":0.846377,"[40.0,0.0,-4.0,0.2,1.2,-1.2,-3.2,0.2,0.2,0.2]":-0.81434715,"[40.0,4.0,4.0,-0.2,2.8,5.2,7.2,-0.2,-0.2,-0.2]":0.9916779,"[40.0,0.0,4.0,-0.2,-1.2,1.2,3.2,-0.2,-0.2,-0.2]":0.82976216,"[0.0,4.0,4.0,0.2,2.8,5.2,7.2,0.2,0.2,0.2]":0.9016081,"[20.0,4.0,4.0,0.2,2.8,5.2,7.2,0.2,0.2,0.2]":0.9400144,"[0.0,4.0,-4.0,0.2,5.2,2.8,0.7999999999999998,0.2,0.2,0.2]":0.42930087,"[0.0,-4.0,0.0,-0.2,-4.0,-4.0,-4.0,-0.2,-0.2,-0.2]":-0.8444183,"[40.0,-4.0,4.0,-0.2,-5.2,-2.8,-0.7999999999999998,-0.2,-0.2,-0.2]":-0.23058257,"[20.0,-4.0,-4.0,0.2,-2.8,-5.2,-7.2,0.2,0.2,0.2]":-0.9775172,"[0.0,-4.0,4.0,0.2,-5.2,-2.8,-0.7999999999999998,0.2,0.2,0.2]":-0.69708127,"[40.0,0.0,-4.0,0.0,1.2,-1.2,-3.2,0.0,0.0,0.0]":-0.744898,"[40.0,0.0,4.0,0.2,-1.2,1.2,3.2,0.2,0.2,0.2]":0.47364938,"[0.0,-4.0,-4.0,0.0,-2.8,-5.2,-7.2,0.0,0.0,0.0]":-0.9443869,"[40.0,4.0,0.0,-0.2,4.0,4.0,4.0,-0.2,-0.2,-0.2]":0.9398105,"[20.0,4.0,4.0,-0.2,2.8,5.2,7.2,-0.2,-0.2,-0.2]":0.98520833,"[0.0,-4.0,0.0,0.0,-4.0,-4.0,-4.0,0.0,0.0,0.0]":-0.9172886},"input_std":[[8.983411],[1.6903404],[0.9207721],[0.033812493],[1.6490222],[1.6408329],[1.5546204],[0.0339179],[0.03352762],[0.033340544]],"model_test_loss":0.016181904822587967,"input_size":10,"current_date_and_time":"2023-05-24_21-38-38","input_mean":[[17.282354],[-0.09782635],[-0.047306575],[-0.011441285],[-0.080679044],[-0.09874229],[-0.113073304],[-0.011481393],[-0.011558402],[-0.011816788]],"input_vars":["v_ego","lateral_accel","lateral_jerk","roll","lateral_accel_m03","lateral_accel_p03","lateral_accel_p08","roll_m03","roll_p03","roll_p08"],"output_size":1,"test_dict_zero_bias":{"[40.0,0.0,0.0,-0.2,0.0,0.0,0.0,-0.2,-0.2,-0.2]":0.39864248,"[0.0,0.0,-4.0,0.2,1.2,-1.2,-3.2,0.2,0.2,0.2]":-1.0378466,"[40.0,-4.0,4.0,0.0,-5.2,-2.8,-0.7999999999999998,0.0,0.0,0.0]":-0.59783775,"[20.0,0.0,0.0,0.0,0.0,0.0,0.0,0.0,0.0,0.0]":0.12032016,"[40.0,0.0,0.0,0.0,0.0,0.0,0.0,0.0,0.0,0.0]":0.10033334,"[40.0,0.0,0.0,0.2,0.0,0.0,0.0,0.2,0.2,0.2]":-0.21380036,"[20.0,4.0,4.0,0.0,2.8,5.2,7.2,0.0,0.0,0.0]":0.99373144,"[20.0,4.0,0.0,-0.2,4.0,4.0,4.0,-0.2,-0.2,-0.2]":0.9405437,"[20.0,4.0,0.0,0.0,4.0,4.0,4.0,0.0,0.0,0.0]":0.9115851,"[20.0,-4.0,-4.0,0.0,-2.8,-5.2,-7.2,0.0,0.0,0.0]":-1.0789241,"[0.0,-4.0,-4.0,0.2,-2.8,-5.2,-7.2,0.2,0.2,0.2]":-1.0969338,"[40.0,4.0,-4.0,0.0,5.2,2.8,0.7999999999999998,0.0,0.0,0.0]":0.6591534,"[40.0,-4.0,-4.0,-0.2,-2.8,-5.2,-7.2,-0.2,-0.2,-0.2]":-1.004993,"[40.0,4.0,4.0,0.0,2.8,5.2,7.2,0.0,0.0,0.0]":0.9813622,"[20.0,4.0,-4.0,0.0,5.2,2.8,0.7999999999999998,0.0,0.0,0.0]":0.6538336,"[20.0,0.0,-4.0,-0.2,1.2,-1.2,-3.2,-0.2,-0.2,-0.2]":-0.523892,"[20.0,0.0,4.0,0.2,-1.2,1.2,3.2,0.2,0.2,0.2]":0.43636343,"[0.0,4.0,4.0,0.0,2.8,5.2,7.2,0.0,0.0,0.0]":0.9781043,"[0.0,4.0,0.0,0.0,4.0,4.0,4.0,0.0,0.0,0.0]":1.0023941,"[0.0,0.0,-4.0,0.0,1.2,-1.2,-3.2,0.0,0.0,0.0]":-1.0271776,"[20.0,-4.0,0.0,-0.2,-4.0,-4.0,-4.0,-0.2,-0.2,-0.2]":-0.8725805,"[0.0,0.0,4.0,0.2,-1.2,1.2,3.2,0.2,0.2,0.2]":0.78686774,"[20.0,-4.0,0.0,0.0,-4.0,-4.0,-4.0,0.0,0.0,0.0]":-1.002529,"[0.0,0.0,0.0,0.0,0.0,0.0,0.0,0.0,0.0,0.0]":0.24827538,"[20.0,0.0,4.0,-0.2,-1.2,1.2,3.2,-0.2,-0.2,-0.2]":0.8448336,"[40.0,-4.0,4.0,0.2,-5.2,-2.8,-0.7999999999999998,0.2,0.2,0.2]":-0.7259127,"[0.0,4.0,0.0,-0.2,4.0,4.0,4.0,-0.2,-0.2,-0.2]":0.99660766,"[0.0,-4.0,4.0,0.0,-5.2,-2.8,-0.7999999999999998,0.0,0.0,0.0]":-0.6586451,"[0.0,0.0,4.0,0.0,-1.2,1.2,3.2,0.0,0.0,0.0]":0.9085391,"[20.0,-4.0,4.0,-0.2,-5.2,-2.8,-0.7999999999999998,-0.2,-0.2,-0.2]":-0.630768,"[0.0,0.0,0.0,0.2,0.0,0.0,0.0,0.2,0.2,0.2]":0.039722063,"[0.0,4.0,-4.0,0.0,5.2,2.8,0.7999999999999998,0.0,0.0,0.0]":0.63018304,"[40.0,-4.0,-4.0,0.0,-2.8,-5.2,-7.2,0.0,0.0,0.0]":-1.0425037,"[40.0,-4.0,0.0,-0.2,-4.0,-4.0,-4.0,-0.2,-0.2,-0.2]":-0.85264134,"[20.0,-4.0,0.0,0.2,-4.0,-4.0,-4.0,0.2,0.2,0.2]":-1.0308923,"[20.0,-4.0,4.0,0.2,-5.2,-2.8,-0.7999999999999998,0.2,0.2,0.2]":-0.8048925,