{"test_dict":{"[20.0, -4.0, 0.0, -0.2]":-0.8979599,"[0.0, -4.0, 3.0, -0.2]":-0.77702266,"[20.0, 0.0, 3.0, 0.2]":0.62633914,"[20.0, 4.0, 0.0, 0.0]":0.9750976,"[40.0, 0.0, 0.0, 0.0]":-0.003880348,"[40.0, -4.0, 0.0, 0.0]":-0.76501304,"[0.0, 0.0, 0.0, 0.2]":0.08582318,"[40.0, 4.0, -3.0, 0.0]":0.72452074,"[20.0, 0.0, 3.0, -0.2]":-0.042582314,"[0.0, -4.0, 0.0, -0.2]":-0.98368806,"[0.0, 4.0, -3.0, 0.2]":0.69997257,"[20.0, 4.0, -3.0, -0.2]":0.64889187,"[20.0, 4.0, 0.0, -0.2]":0.72425735,"[40.0, 4.0, 0.0, 0.0]":0.86052704,"[20.0, -4.0, -3.0, -0.2]":-1.147573,"[0.0, 4.0, 3.0, -0.2]":1.2087325,"[20.0, 4.0, -3.0, 0.2]":0.8257355,"[40.0, 0.0, 3.0, -0.2]":-0.22649956,"[40.0, 4.0, 0.0, -0.2]":0.60805875,"[0.0, -4.0, 0.0, 0.2]":-0.89711505,"[0.0, 0.0, -3.0, 0.0]":-0.72337914,"[0.0, 0.0, -3.0, 0.2]":-0.46520895,"[20.0, 0.0, -3.0, -0.2]":-0.6996769,"[0.0, 4.0, -3.0, -0.2]":0.75147456,"[40.0, -4.0, -3.0, 0.0]":-0.87490743,"[40.0, 4.0, 3.0, 0.2]":0.9774559,"[20.0, 4.0, 3.0, 0.2]":1.1337757,"[0.0, 0.0, 0.0, 0.0]":-0.016112816,"[0.0, 4.0, 0.0, -0.2]":1.0280167,"[0.0, 4.0, 0.0, 0.0]":1.0901597,"[40.0, 4.0, -3.0, 0.2]":0.73708117,"[20.0, -4.0, 3.0, 0.2]":-0.6103501,"[0.0, 0.0, -3.0, -0.2]":-0.9437824,"[0.0, -4.0, -3.0, 0.0]":-1.1687026,"[20.0, 4.0, 3.0, 0.0]":1.120747,"[40.0, 0.0, 0.0, -0.2]":-0.5122811,"[40.0, 0.0, 3.0, 0.2]":0.49432388,"[0.0, 0.0, 3.0, -0.2]":0.35366282,"[40.0, -4.0, 3.0, 0.0]":-0.7263629,"[0.0, 0.0, 0.0, -0.2]":-0.23637837,"[20.0, 4.0, 3.0, -0.2]":0.96619624,"[0.0, -4.0, 3.0, 0.0]":-0.8434263,"[40.0, -4.0, -3.0, -0.2]":-0.8666635,"[40.0, -4.0, -3.0, 0.2]":-0.7903642,"[40.0, 0.0, 0.0, 0.2]":0.46797875,"[0.0, 4.0, 3.0, 0.0]":1.2812642,"[40.0, 4.0, -3.0, -0.2]":0.5140246,"[0.0, -4.0, -3.0, -0.2]":-1.186197,"[0.0, -4.0, 3.0, 0.2]":-0.76274866,"[20.0, 4.0, -3.0, 0.0]":0.8231035,"[40.0, 0.0, 3.0, 0.0]":0.13881743,"[40.0, -4.0, 0.0, -0.2]":-0.8283734,"[40.0, -4.0, 3.0, 0.2]":-0.5887109,"[20.0, -4.0, -3.0, 0.0]":-1.1370108,"[20.0, -4.0, 3.0, 0.0]":-0.72967225,"[40.0, 0.0, -3.0, 0.2]":0.21636403,"[20.0, 0.0, -3.0, 0.0]":-0.29500225,"[40.0, 0.0, -3.0, -0.2]":-0.6434006,"[40.0, 4.0, 0.0, 0.2]":0.86941165,"[0.0, -4.0, 0.0, 0.0]":-0.99121886,"[20.0, -4.0, 3.0, -0.2]":-0.7161616,"[20.0, 0.0, 3.0, 0.0]":0.3246663,"[20.0, 4.0, 0.0, 0.2]":1.0344151,"[40.0, 4.0, 3.0, -0.2]":0.7978952,"[20.0, 0.0, 0.0, -0.2]":-0.50023794,"[40.0, 4.0, 3.0, 0.0]":0.97935313,"[40.0, -4.0, 0.0, 0.2]":-0.5920256,"[20.0, 0.0, 0.0, 0.2]":0.5160585,"[0.0, 0.0, 3.0, 0.2]":0.85261333,"[0.0, -4.0, -3.0, 0.2]":-1.0414581,"[0.0, 4.0, 0.0, 0.2]":1.1000859,"[0.0, 4.0, -3.0, 0.0]":0.8127449,"[20.0, -4.0, -3.0, 0.2]":-0.974679,"[40.0, -4.0, 3.0, -0.2]":-0.73955435,"[20.0, 0.0, -3.0, 0.2]":0.06347418,"[20.0, 0.0, 0.0, 0.0]":0.0023864545,"[20.0, -4.0, 0.0, 0.2]":-0.8146427,"[40.0, 0.0, -3.0, 0.0]":-0.2570948,"[20.0, -4.0, 0.0, 0.0]":-0.94962555,"[0.0, 0.0, 3.0, 0.0]":0.7146933,"[0.0, 4.0, 3.0, 0.2]":1.2602279},"input_std":[[9.548841],[1.7105908],[1.1481535],[0.057710107]],"model_test_loss":0.025033738,"input_size":4,"current_date_and_time":"2023-04-13_20-24-47","input_mean":[[16.178768],[-0.005500936],[0.009192909],[0.0021023687]],"output_size":1,"test_dict_zero_bias":{"[20.0, -4.0, 0.0, -0.2]":-0.8804199,"[0.0, -4.0, 3.0, -0.2]":-0.64008725,"[20.0, 0.0, 3.0, 0.2]":0.9288384,"[20.0, 4.0, 0.0, 0.0]":1.3420483,"[40.0, 0.0, 0.0, 0.0]":0.1087493,"[40.0, -4.0, 0.0, 0.0]":-0.67081225,"[0.0, 0.0, 0.0, 0.2]":0.16449282,"[40.0, 4.0, -3.0, 0.0]":1.0622131,"[20.0, 0.0, 3.0, -0.2]":0.2660721,"[0.0, -4.0, 0.0, -0.2]":-0.79347104,"[0.0, 4.0, -3.0, 0.2]":0.54152167,"[20.0, 4.0, -3.0, -0.2]":0.9344504,"[20.0, 4.0, 0.0, -0.2]":1.0405922,"[40.0, 4.0, 0.0, 0.0]":1.2116956,"[20.0, -4.0, -3.0, -0.2]":-1.0150216,"[0.0, 4.0, 3.0, -0.2]":1.5186046,"[20.0, 4.0, -3.0, 0.2]":1.0914305,"[40.0, 0.0, 3.0, -0.2]":0.00604783,"[40.0, 4.0, 0.0, -0.2]":0.8921675,"[0.0, -4.0, 0.0, 0.2]":-0.7379923,"[0.0, 0.0, -3.0, 0.0]":-0.59948504,"[0.0, 0.0, -3.0, 0.2]":-0.28507254,"[20.0, 0.0, -3.0, -0.2]":-0.7678084,"[0.0, 4.0, -3.0, -0.2]":0.66187024,"[40.0, -4.0, -3.0, 0.0]":-0.8839878,"[40.0, 4.0, 3.0, 0.2]":1.4099803,"[20.0, 4.0, 3.0, 0.2]":1.5514842,"[0.0, 0.0, 0.0, 0.0]":-0.15491605,"[0.0, 4.0, 0.0, -0.2]":1.2800834,"[0.0, 4.0, 0.0, 0.0]":1.3009841,"[40.0, 4.0, -3.0, 0.2]":1.0730495,"[20.0, -4.0, 3.0, 0.2]":-0.6537943,"[0.0, 0.0, -3.0, -0.2]":-0.8246082,"[0.0, -4.0, -3.0, 0.0]":-0.9935866,"[20.0, 4.0, 3.0, 0.0]":1.5277379,"[40.0, 0.0, 0.0, -0.2]":-0.34510124,"[40.0, 0.0, 3.0, 0.2]":0.80863655,"[0.0, 0.0, 3.0, -0.2]":0.3258464,"[40.0, -4.0, 3.0, 0.0]":-0.5134177,"[0.0, 0.0, 0.0, -0.2]":-0.4032395,"[20.0, 4.0, 3.0, -0.2]":1.3075799,"[0.0, -4.0, 3.0, 0.0]":-0.6487657,"[40.0, -4.0, -3.0, -0.2]":-0.86371243,"[40.0, -4.0, -3.0, 0.2]":-0.7946956,"[40.0, 0.0, 0.0, 0.2]":0.678914,"[0.0, 4.0, 3.0, 0.0]":1.6504912,"[40.0, 4.0, -3.0, -0.2]":0.78412604,"[0.0, -4.0, -3.0, -0.2]":-1.0088868,"[0.0, -4.0, 3.0, 0.2]":-0.5722044,"[20.0, 4.0, -3.0, 0.0]":1.1536305,"[40.0, 0.0, 3.0, 0.0]":0.35314518,"[40.0, -4.0, 0.0, -0.2]":-0.6695135,"[40.0, -4.0, 3.0, 0.2]":-0.43035978,"[20.0, -4.0, -3.0, 0.0]":-0.99133605,"[20.0, -4.0, 3.0, 0.0]":-0.7018619,"[40.0, 0.0, -3.0, 0.2]":0.30693498,"[20.0, 0.0, -3.0, 0.0]":-0.538438,"[40.0, 0.0, -3.0, -0.2]":-0.4533241,"[40.0, 4.0, 0.0, 0.2]":1.2201852,"[0.0, -4.0, 0.0, 0.0]":-0.803712,"[20.0, -4.0, 3.0, -0.2]":-0.6074117,"[20.0, 0.0, 3.0, 0.0]":0.58118427,"[20.0, 4.0, 0.0, 0.2]":1.3966441,"[40.0, 4.0, 3.0, -0.2]":1.1305908,"[20.0, 0.0, 0.0, -0.2]":-0.33460295,"[40.0, 4.0, 3.0, 0.0]":1.3983486,"[40.0, -4.0, 0.0, 0.2]":-0.6326187,"[20.0, 0.0, 0.0, 0.2]":0.3768507,"[0.0, 0.0, 3.0, 0.2]":0.66432077,"[0.0, -4.0, -3.0, 0.2]":-0.8898937,"[0.0, 4.0, 0.0, 0.2]":1.1088055,"[0.0, 4.0, -3.0, 0.0]":0.62576026,"[20.0, -4.0, -3.0, 0.2]":-0.861631,"[40.0, -4.0, 3.0, -0.2]":-0.5181724,"[20.0, 0.0, -3.0, 0.2]":-0.09575981,"[20.0, 0.0, 0.0, 0.0]":-0.047854543,"[20.0, -4.0, 0.0, 0.2]":-0.7582933,"[40.0, 0.0, -3.0, 0.0]":-0.15901363,"[20.0, -4.0, 0.0, 0.0]":-0.894737,"[0.0, 0.0, 3.0, 0.0]":0.5100461,"[0.0, 4.0, 3.0, 0.2]":1.6268736},"layers":[{"dense_1_b":[[-0.8540761],[-0.20874725],[-0.49169338],[-0.16662402],[0.50510925],[0.043375656],[-4.164836],[-0.4886081]],"dense_1_W":[[-1.9171673,-0.48547563,-0.05043824,-0.2515157],[0.15632033,-0.70785373,0.085905395,-0.06613775],[0.14716229,-1.8996093,-0.023036545,-1.0396994],[0.25818813,0.069835775,-7.285953,0.029440528],[0.7796603,-1.0429251,-0.3627694,0.12193161],[1.0243164,0.14408518,-4.1417155,0.55016017],[-2.2142951,-2.1340535,-1.0948137,0.36577582],[-0.08971827,-4.999661,-0.55060077,-0.27569455]],