{"test_dict":{"[20.0, -4.0, 0.0, -0.2]":-0.92317533,"[0.0, -4.0, 3.0, -0.2]":-0.6141765,"[20.0, 0.0, 3.0, 0.2]":0.9498802,"[20.0, 4.0, 0.0, 0.0]":1.0143219,"[40.0, 0.0, 0.0, 0.0]":0.018592648,"[40.0, -4.0, 0.0, 0.0]":-0.9171602,"[0.0, 0.0, 0.0, 0.2]":0.42828998,"[40.0, 4.0, -3.0, 0.0]":0.6995929,"[20.0, 0.0, 3.0, -0.2]":-0.19375318,"[0.0, -4.0, 0.0, -0.2]":-0.906855,"[0.0, 4.0, -3.0, 0.2]":0.6861522,"[20.0, 4.0, -3.0, -0.2]":0.57745624,"[20.0, 4.0, 0.0, -0.2]":0.78490984,"[40.0, 4.0, 0.0, 0.0]":0.97444195,"[20.0, -4.0, -3.0, -0.2]":-1.1527773,"[0.0, 4.0, 3.0, -0.2]":1.0801259,"[20.0, 4.0, -3.0, 0.2]":0.6479367,"[40.0, 0.0, 3.0, -0.2]":-0.24792781,"[40.0, 4.0, 0.0, -0.2]":0.7898948,"[0.0, -4.0, 0.0, 0.2]":-0.8944344,"[0.0, 0.0, -3.0, 0.0]":-0.5306732,"[0.0, 0.0, -3.0, 0.2]":0.09507217,"[20.0, 0.0, -3.0, -0.2]":-0.98875916,"[0.0, 4.0, -3.0, -0.2]":0.6454352,"[40.0, -4.0, -3.0, 0.0]":-1.0897034,"[40.0, 4.0, 3.0, 0.2]":1.1404575,"[20.0, 4.0, 3.0, 0.2]":1.1805828,"[0.0, 0.0, 0.0, 0.0]":0.019751541,"[0.0, 4.0, 0.0, -0.2]":0.95527875,"[0.0, 4.0, 0.0, 0.0]":0.95771295,"[40.0, 4.0, -3.0, 0.2]":0.6192733,"[20.0, -4.0, 3.0, 0.2]":-0.64090574,"[0.0, 0.0, -3.0, -0.2]":-0.8033439,"[0.0, -4.0, -3.0, 0.0]":-1.1220635,"[20.0, 4.0, 3.0, 0.0]":1.1513861,"[40.0, 0.0, 0.0, -0.2]":-0.57322305,"[40.0, 0.0, 3.0, 0.2]":0.81259376,"[0.0, 0.0, 3.0, -0.2]":-0.05611167,"[40.0, -4.0, 3.0, 0.0]":-0.7607739,"[0.0, 0.0, 0.0, -0.2]":-0.45262507,"[20.0, 4.0, 3.0, -0.2]":0.9021562,"[0.0, -4.0, 3.0, 0.0]":-0.6984954,"[40.0, -4.0, -3.0, -0.2]":-1.11281,"[40.0, -4.0, -3.0, 0.2]":-0.9479734,"[40.0, 0.0, 0.0, 0.2]":0.5914585,"[0.0, 4.0, 3.0, 0.0]":1.1591122,"[40.0, 4.0, -3.0, -0.2]":0.5518429,"[0.0, -4.0, -3.0, -0.2]":-1.1300461,"[0.0, -4.0, 3.0, 0.2]":-0.6126925,"[20.0, 4.0, -3.0, 0.0]":0.7368553,"[40.0, 0.0, 3.0, 0.0]":0.26020557,"[40.0, -4.0, 0.0, -0.2]":-0.9058954,"[40.0, -4.0, 3.0, 0.2]":-0.6594028,"[20.0, -4.0, -3.0, 0.0]":-1.1179825,"[20.0, -4.0, 3.0, 0.0]":-0.7746154,"[40.0, 0.0, -3.0, 0.2]":0.19741711,"[20.0, 0.0, -3.0, 0.0]":-0.12243355,"[40.0, 0.0, -3.0, -0.2]":-0.8638073,"[40.0, 4.0, 0.0, 0.2]":0.90469646,"[0.0, -4.0, 0.0, 0.0]":-0.958584,"[20.0, -4.0, 3.0, -0.2]":-0.6700684,"[20.0, 0.0, 3.0, 0.0]":0.09921383,"[20.0, 4.0, 0.0, 0.2]":0.9404795,"[40.0, 4.0, 3.0, -0.2]":0.89277893,"[20.0, 0.0, 0.0, -0.2]":-0.64500946,"[40.0, 4.0, 3.0, 0.0]":1.1212497,"[40.0, -4.0, 0.0, 0.2]":-0.84178156,"[20.0, 0.0, 0.0, 0.2]":0.63731253,"[0.0, 0.0, 3.0, 0.2]":0.79779667,"[0.0, -4.0, -3.0, 0.2]":-0.9737504,"[0.0, 4.0, 0.0, 0.2]":0.9418286,"[0.0, 4.0, -3.0, 0.0]":0.7022946,"[20.0, -4.0, -3.0, 0.2]":-0.85324633,"[40.0, -4.0, 3.0, -0.2]":-0.70693076,"[20.0, 0.0, -3.0, 0.2]":0.20266914,"[20.0, 0.0, 0.0, 0.0]":-0.009971894,"[20.0, -4.0, 0.0, 0.2]":-0.7424861,"[40.0, 0.0, -3.0, 0.0]":-0.32792154,"[20.0, -4.0, 0.0, 0.0]":-1.0007755,"[0.0, 0.0, 3.0, 0.0]":0.57546794,"[0.0, 4.0, 3.0, 0.2]":1.1330895},"input_std":[[8.450021],[1.8126868],[1.3178618],[0.052123703]],"model_test_loss":0.030923384866118432,"input_size":4,"current_date_and_time":"2023-04-19_17-36-51","input_mean":[[16.253292],[-0.047106944],[-0.02828166],[0.010452301]],"output_size":1,"test_dict_zero_bias":{"[20.0, -4.0, 0.0, -0.2]":-0.99084795,"[0.0, -4.0, 3.0, -0.2]":-0.64392275,"[20.0, 0.0, 3.0, 0.2]":0.9618723,"[20.0, 4.0, 0.0, 0.0]":0.9688169,"[40.0, 0.0, 0.0, 0.0]":0.29065126,"[40.0, -4.0, 0.0, 0.0]":-0.94501615,"[0.0, 0.0, 0.0, 0.2]":0.6533212,"[40.0, 4.0, -3.0, 0.0]":0.6177149,"[20.0, 0.0, 3.0, -0.2]":0.1284168,"[0.0, -4.0, 0.0, -0.2]":-0.960011,"[0.0, 4.0, -3.0, 0.2]":0.64622474,"[20.0, 4.0, -3.0, -0.2]":0.5810073,"[20.0, 4.0, 0.0, -0.2]":0.79083586,"[40.0, 4.0, 0.0, 0.0]":0.90037924,"[20.0, -4.0, -3.0, -0.2]":-1.2388669,"[0.0, 4.0, 3.0, -0.2]":0.98116773,"[20.0, 4.0, -3.0, 0.2]":0.5958468,"[40.0, 0.0, 3.0, -0.2]":0.172717,"[40.0, 4.0, 0.0, -0.2]":0.862377,"[0.0, -4.0, 0.0, 0.2]":-0.7644378,"[0.0, 0.0, -3.0, 0.0]":-0.0624972,"[0.0, 0.0, -3.0, 0.2]":0.34619623,"[20.0, 0.0, -3.0, -0.2]":-0.9372997,"[0.0, 4.0, -3.0, -0.2]":0.6307079,"[40.0, -4.0, -3.0, 0.0]":-1.1515853,"[40.0, 4.0, 3.0, 0.2]":1.0677438,"[20.0, 4.0, 3.0, 0.2]":1.1109244,"[0.0, 0.0, 0.0, 0.0]":0.3142386,"[0.0, 4.0, 0.0, -0.2]":0.8718116,"[0.0, 4.0, 0.0, 0.0]":0.9155768,"[40.0, 4.0, -3.0, 0.2]":0.54929054,"[20.0, -4.0, 3.0, 0.2]":-0.603774,"[0.0, 0.0, -3.0, -0.2]":-0.7572029,"[0.0, -4.0, -3.0, 0.0]":-1.1852355,"[20.0, 4.0, 3.0, 0.0]":1.0797704,"[40.0, 0.0, 0.0, -0.2]":-0.19215575,"[40.0, 0.0, 3.0, 0.2]":0.8088072,"[0.0, 0.0, 3.0, -0.2]":0.17685267,"[40.0, -4.0, 3.0, 0.0]":-0.7581161,"[0.0, 0.0, 0.0, -0.2]":-0.34778687,"[20.0, 4.0, 3.0, -0.2]":0.92004967,"[0.0, -4.0, 3.0, 0.0]":-0.7486775,"[40.0, -4.0, -3.0, -0.2]":-1.163608,"[40.0, -4.0, -3.0, 0.2]":-1.0259733,"[40.0, 0.0, 0.0, 0.2]":0.5674734,"[0.0, 4.0, 3.0, 0.0]":1.0814478,"[40.0, 4.0, -3.0, -0.2]":0.55384994,"[0.0, -4.0, -3.0, -0.2]":-1.2215607,"[0.0, -4.0, 3.0, 0.2]":-0.5427422,"[20.0, 4.0, -3.0, 0.0]":0.69427437,"[40.0, 0.0, 3.0, 0.0]":0.6801541,"[40.0, -4.0, 0.0, -0.2]":-0.9690888,"[40.0, -4.0, 3.0, 0.2]":-0.6460813,"[20.0, -4.0, -3.0, 0.0]":-1.1799488,"[20.0, -4.0, 3.0, 0.0]":-0.8094784,"[40.0, 0.0, -3.0, 0.2]":0.27803546,"[20.0, 0.0, -3.0, 0.0]":0.114993274,"[40.0, 0.0, -3.0, -0.2]":-0.62120444,"[40.0, 4.0, 0.0, 0.2]":0.8501842,"[0.0, -4.0, 0.0, 0.0]":-1.0381709,"[20.0, -4.0, 3.0, -0.2]":-0.6995487,"[20.0, 0.0, 3.0, 0.0]":0.4173611,"[20.0, 4.0, 0.0, 0.2]":0.8891634,"[40.0, 4.0, 3.0, -0.2]":0.9707335,"[20.0, 0.0, 0.0, -0.2]":-0.45990464,"[40.0, 4.0, 3.0, 0.0]":1.0645993,"[40.0, -4.0, 0.0, 0.2]":-0.9072902,"[20.0, 0.0, 0.0, 0.2]":0.68168795,"[0.0, 0.0, 3.0, 0.2]":0.91273487,"[0.0, -4.0, -3.0, 0.2]":-0.8011688,"[0.0, 4.0, 0.0, 0.2]":0.8912306,"[0.0, 4.0, -3.0, 0.0]":0.6999241,"[20.0, -4.0, -3.0, 0.2]":-0.7558359,"[40.0, -4.0, 3.0, -0.2]":-0.74821067,"[20.0, 0.0, -3.0, 0.2]":0.33716324,"[20.0, 0.0, 0.0, 0.0]":0.2690024,"[20.0, -4.0, 0.0, 0.2]":-0.6972137,"[40.0, 0.0, -3.0, 0.0]":-0.24588037,"[20.0, -4.0, 0.0, 0.0]":-1.0604616,"[0.0, 0.0, 3.0, 0.0]":0.6363333,"[0.0, 4.0, 3.0, 0.2]":1.080226},"layers":[{"dense_1_b":[[-0.13820055],[-1.0509484],[-0.8441948],[0.012459403],[0.79443514],[0.06017127],[0.036510542],[0.21827638]],"dense_1_W":[[-0.05666956,3.3142812,0.012806349,-0.008518421],[0.9759241,-1.0024192,0.6513535,-0.8789003],[-0.3839228,0.6559846,0.59187067,-0.091870904],[-0.006529131,-0.662959,-0.044088095,0.44226202],[-1.0592104,-0.48944694,0.6775453,-0.8142304],[0.056923464,1.5491154,0.04761979,0.31856734],[0.07767064,0.116166145,2.6118796,-0.055782158],[0.14309953,2.4649045,0.6180755,0.017590556]],