{"test_dict":{"[0.0,-4.0,3.0,-0.2,0.0,0.0,0.0,0.0,0.0,0.0]":-0.67586726,"[20.0,0.0,-3.0,0.2,0.0,0.0,0.0,0.0,0.0,0.0]":0.1936893,"[0.0,0.0,3.0,-0.2,0.0,0.0,0.0,0.0,0.0,0.0]":2.8795354,"[20.0,4.0,-3.0,0.2,0.0,0.0,0.0,0.0,0.0,0.0]":0.70475435,"[20.0,4.0,3.0,0.0,0.0,0.0,0.0,0.0,0.0,0.0]":1.0877659,"[40.0,0.0,3.0,0.0,0.0,0.0,0.0,0.0,0.0,0.0]":-0.025891572,"[40.0,4.0,0.0,0.0,0.0,0.0,0.0,0.0,0.0,0.0]":0.8529211,"[0.0,-4.0,3.0,0.0,0.0,0.0,0.0,0.0,0.0,0.0]":-0.7240166,"[20.0,0.0,0.0,0.0,0.0,0.0,0.0,0.0,0.0,0.0]":-0.007653713,"[20.0,-4.0,-3.0,0.0,0.0,0.0,0.0,0.0,0.0,0.0]":-1.1116555,"[40.0,-4.0,-3.0,-0.2,0.0,0.0,0.0,0.0,0.0,0.0]":-0.668454,"[20.0,4.0,0.0,-0.2,0.0,0.0,0.0,0.0,0.0,0.0]":0.89990276,"[0.0,4.0,3.0,0.0,0.0,0.0,0.0,0.0,0.0,0.0]":2.2609868,"[40.0,4.0,3.0,0.2,0.0,0.0,0.0,0.0,0.0,0.0]":0.6104541,"[20.0,0.0,0.0,0.2,0.0,0.0,0.0,0.0,0.0,0.0]":0.29957816,"[40.0,0.0,0.0,0.0,0.0,0.0,0.0,0.0,0.0,0.0]":-0.0030969381,"[20.0,-4.0,0.0,-0.2,0.0,0.0,0.0,0.0,0.0,0.0]":-0.878025,"[20.0,4.0,3.0,0.2,0.0,0.0,0.0,0.0,0.0,0.0]":0.8793714,"[0.0,4.0,-3.0,0.2,0.0,0.0,0.0,0.0,0.0,0.0]":0.4321856,"[0.0,4.0,0.0,0.2,0.0,0.0,0.0,0.0,0.0,0.0]":2.1033387,"[20.0,-4.0,-3.0,0.2,0.0,0.0,0.0,0.0,0.0,0.0]":-0.942408,"[0.0,0.0,-3.0,0.0,0.0,0.0,0.0,0.0,0.0,0.0]":-1.3733826,"[20.0,0.0,-3.0,-0.2,0.0,0.0,0.0,0.0,0.0,0.0]":-0.14577967,"[40.0,-4.0,3.0,-0.2,0.0,0.0,0.0,0.0,0.0,0.0]":-0.6122203,"[40.0,0.0,3.0,-0.2,0.0,0.0,0.0,0.0,0.0,0.0]":-0.21769673,"[0.0,0.0,0.0,-0.2,0.0,0.0,0.0,0.0,0.0,0.0]":0.10470745,"[0.0,0.0,3.0,0.0,0.0,0.0,0.0,0.0,0.0,0.0]":2.1783803,"[20.0,-4.0,0.0,0.2,0.0,0.0,0.0,0.0,0.0,0.0]":-0.7956247,"[20.0,-4.0,0.0,0.0,0.0,0.0,0.0,0.0,0.0,0.0]":-1.0265999,"[0.0,0.0,-3.0,-0.2,0.0,0.0,0.0,0.0,0.0,0.0]":-1.2890785,"[0.0,-4.0,0.0,-0.2,0.0,0.0,0.0,0.0,0.0,0.0]":-1.9611492,"[0.0,-4.0,-3.0,0.0,0.0,0.0,0.0,0.0,0.0,0.0]":-1.8734739,"[0.0,0.0,0.0,0.2,0.0,0.0,0.0,0.0,0.0,0.0]":-0.18700945,"[20.0,4.0,-3.0,-0.2,0.0,0.0,0.0,0.0,0.0,0.0]":0.7753874,"[0.0,0.0,0.0,0.0,0.0,0.0,0.0,0.0,0.0,0.0]":0.0022612512,"[20.0,0.0,3.0,-0.2,0.0,0.0,0.0,0.0,0.0,0.0]":-0.22635347,"[20.0,4.0,0.0,0.0,0.0,0.0,0.0,0.0,0.0,0.0]":1.0231586,"[40.0,0.0,-3.0,0.2,0.0,0.0,0.0,0.0,0.0,0.0]":0.13414031,"[0.0,-4.0,-3.0,-0.2,0.0,0.0,0.0,0.0,0.0,0.0]":-1.630755,"[40.0,0.0,3.0,0.2,0.0,0.0,0.0,0.0,0.0,0.0]":0.22842488,"[40.0,0.0,-3.0,-0.2,0.0,0.0,0.0,0.0,0.0,0.0]":-0.01038146,"[0.0,4.0,0.0,0.0,0.0,0.0,0.0,0.0,0.0,0.0]":1.7925985,"[0.0,4.0,3.0,0.2,0.0,0.0,0.0,0.0,0.0,0.0]":1.8391442,"[20.0,4.0,0.0,0.2,0.0,0.0,0.0,0.0,0.0,0.0]":0.84164584,"[20.0,4.0,-3.0,0.0,0.0,0.0,0.0,0.0,0.0,0.0]":0.8800126,"[40.0,0.0,-3.0,0.0,0.0,0.0,0.0,0.0,0.0,0.0]":-0.00962767,"[40.0,-4.0,0.0,0.2,0.0,0.0,0.0,0.0,0.0,0.0]":-0.623038,"[40.0,4.0,-3.0,0.2,0.0,0.0,0.0,0.0,0.0,0.0]":0.5598342,"[20.0,-4.0,3.0,0.0,0.0,0.0,0.0,0.0,0.0,0.0]":-0.90086466,"[20.0,0.0,3.0,0.0,0.0,0.0,0.0,0.0,0.0,0.0]":0.023579061,"[40.0,4.0,-3.0,-0.2,0.0,0.0,0.0,0.0,0.0,0.0]":0.63983023,"[20.0,4.0,3.0,-0.2,0.0,0.0,0.0,0.0,0.0,0.0]":1.0005298,"[40.0,4.0,0.0,0.2,0.0,0.0,0.0,0.0,0.0,0.0]":0.6182879,"[0.0,-4.0,0.0,0.0,0.0,0.0,0.0,0.0,0.0,0.0]":-1.7330883,"[40.0,-4.0,-3.0,0.2,0.0,0.0,0.0,0.0,0.0,0.0]":-0.7563178,"[40.0,-4.0,0.0,0.0,0.0,0.0,0.0,0.0,0.0,0.0]":-0.85114473,"[20.0,0.0,3.0,0.2,0.0,0.0,0.0,0.0,0.0,0.0]":0.35085574,"[20.0,0.0,0.0,-0.2,0.0,0.0,0.0,0.0,0.0,0.0]":-0.2613662,"[0.0,4.0,-3.0,0.0,0.0,0.0,0.0,0.0,0.0,0.0]":0.5833045,"[0.0,-4.0,3.0,0.2,0.0,0.0,0.0,0.0,0.0,0.0]":-0.8567522,"[40.0,0.0,0.0,0.2,0.0,0.0,0.0,0.0,0.0,0.0]":0.18547632,"[20.0,-4.0,3.0,0.2,0.0,0.0,0.0,0.0,0.0,0.0]":-0.6747897,"[0.0,4.0,0.0,-0.2,0.0,0.0,0.0,0.0,0.0,0.0]":1.280084,"[0.0,-4.0,-3.0,0.2,0.0,0.0,0.0,0.0,0.0,0.0]":-1.8458209,"[0.0,0.0,3.0,0.2,0.0,0.0,0.0,0.0,0.0,0.0]":0.73132485,"[40.0,-4.0,3.0,0.2,0.0,0.0,0.0,0.0,0.0,0.0]":-0.5618827,"[0.0,4.0,-3.0,-0.2,0.0,0.0,0.0,0.0,0.0,0.0]":0.67098093,"[20.0,-4.0,3.0,-0.2,0.0,0.0,0.0,0.0,0.0,0.0]":-0.721139,"[20.0,-4.0,-3.0,-0.2,0.0,0.0,0.0,0.0,0.0,0.0]":-0.93735415,"[40.0,-4.0,-3.0,0.0,0.0,0.0,0.0,0.0,0.0,0.0]":-0.9086248,"[40.0,4.0,-3.0,0.0,0.0,0.0,0.0,0.0,0.0,0.0]":0.771587,"[0.0,-4.0,0.0,0.2,0.0,0.0,0.0,0.0,0.0,0.0]":-1.3381476,"[40.0,-4.0,0.0,-0.2,0.0,0.0,0.0,0.0,0.0,0.0]":-0.65033597,"[40.0,4.0,0.0,-0.2,0.0,0.0,0.0,0.0,0.0,0.0]":0.72870207,"[0.0,0.0,-3.0,0.2,0.0,0.0,0.0,0.0,0.0,0.0]":-1.8089352,"[40.0,0.0,0.0,-0.2,0.0,0.0,0.0,0.0,0.0,0.0]":-0.10057312,"[40.0,-4.0,3.0,0.0,0.0,0.0,0.0,0.0,0.0,0.0]":-0.807803,"[20.0,0.0,-3.0,0.0,0.0,0.0,0.0,0.0,0.0,0.0]":-0.037429243,"[40.0,4.0,3.0,0.0,0.0,0.0,0.0,0.0,0.0,0.0]":0.85784507,"[40.0,4.0,3.0,-0.2,0.0,0.0,0.0,0.0,0.0,0.0]":0.7535107,"[0.0,4.0,3.0,-0.2,0.0,0.0,0.0,0.0,0.0,0.0]":1.4468119},"input_std":[[7.816754],[1.6886513],[1.2866952],[0.052309036],[0.55940217],[0.42109182],[0.4835738],[0.64498925],[0.92147666],[1.3039168]],"model_test_loss":0.021373795345425606,"input_size":10,"current_date_and_time":"2023-05-03_16-30-54","input_mean":[[13.19591],[-0.024675118],[-0.0076723485],[0.010929418],[-0.0039265812],[-0.0020711494],[0.00057852356],[-0.0006202941],[0.0010022253],[-0.005431309]],"input_vars":["v_ego","lateral_accel","lateral_jerk","roll","lateral_accel_delta_m05","lateral_accel_delta_m03","lateral_accel_delta_p03","lateral_accel_delta_p05","lateral_accel_delta_p09","lateral_accel_delta_p17"],"output_size":1,"test_dict_zero_bias":{"[0.0,-4.0,3.0,-0.2,0.0,0.0,0.0,0.0,0.0,0.0]":0.3720805,"[20.0,0.0,-3.0,0.2,0.0,0.0,0.0,0.0,0.0,0.0]":0.67665386,"[0.0,0.0,3.0,-0.2,0.0,0.0,0.0,0.0,0.0,0.0]":3.1781144,"[20.0,4.0,-3.0,0.2,0.0,0.0,0.0,0.0,0.0,0.0]":0.93080854,"[20.0,4.0,3.0,0.0,0.0,0.0,0.0,0.0,0.0,0.0]":1.277907,"[40.0,0.0,3.0,0.0,0.0,0.0,0.0,0.0,0.0,0.0]":0.32740802,"[40.0,4.0,0.0,0.0,0.0,0.0,0.0,0.0,0.0,0.0]":1.0711637,"[0.0,-4.0,3.0,0.0,0.0,0.0,0.0,0.0,0.0,0.0]":-0.08523624,"[20.0,0.0,0.0,0.0,0.0,0.0,0.0,0.0,0.0,0.0]":0.50921094,"[20.0,-4.0,-3.0,0.0,0.0,0.0,0.0,0.0,0.0,0.0]":-0.20157452,"[40.0,-4.0,-3.0,-0.2,0.0,0.0,0.0,0.0,0.0,0.0]":0.52632827,"[20.0,4.0,0.0,-0.2,0.0,0.0,0.0,0.0,0.0,0.0]":1.3247907,"[0.0,4.0,3.0,0.0,0.0,0.0,0.0,0.0,0.0,0.0]":1.5970112,"[40.0,4.0,3.0,0.2,0.0,0.0,0.0,0.0,0.0,0.0]":0.87474215,"[20.0,0.0,0.0,0.2,0.0,0.0,0.0,0.0,0.0,0.0]":0.6302438,"[40.0,0.0,0.0,0.0,0.0,0.0,0.0,0.0,0.0,0.0]":0.5877848,"[20.0,-4.0,0.0,-0.2,0.0,0.0,0.0,0.0,0.0,0.0]":0.19033438,"[20.0,4.0,3.0,0.2,0.0,0.0,0.0,0.0,0.0,0.0]":1.0937636,"[0.0,4.0,-3.0,0.2,0.0,0.0,0.0,0.0,0.0,0.0]":0.06512927,"[0.0,4.0,0.0,0.2,0.0,0.0,0.0,0.0,0.0,0.0]":1.1371806,"[20.0,-4.0,-3.0,0.2,0.0,0.0,0.0,0.0,0.0,0.0]":-0.5136243,"[0.0,0.0,-3.0,0.0,0.0,0.0,0.0,0.0,0.0,0.0]":-0.17026392,"[20.0,0.0,-3.0,-0.2,0.0,0.0,0.0,0.0,0.0,0.0]":1.1781777,"[40.0,-4.0,3.0,-0.2,0.0,0.0,0.0,0.0,0.0,0.0]":0.44126144,"[40.0,0.0,3.0,-0.2,0.0,0.0,0.0,0.0,0.0,0.0]":0.15655202,"[0.0,0.0,0.0,-0.2,0.0,0.0,0.0,0.0,0.0,0.0]":1.370407,"[0.0,0.0,3.0,0.0,0.0,0.0,0.0,0.0,0.0,0.0]":1.3498794,"[20.0,-4.0,0.0,0.2,0.0,0.0,0.0,0.0,0.0,0.0]":-0.3628143,"[20.0,-4.0,0.0,0.0,0.0,0.0,0.0,0.0,0.0,0.0]":-0.16558084,"[0.0,0.0,-3.0,-0.2,0.0,0.0,0.0,0.0,0.0,0.0]":1.0213077,"[0.0,-4.0,0.0,-0.2,0.0,0.0,0.0,0.0,0.0,0.0]":-0.12623405,"[0.0,-4.0,-3.0,0.0,0.0,0.0,0.0,0.0,0.0,0.0]":-0.44898352,"[0.0,0.0,0.0,0.2,0.0,0.0,0.0,0.0,0.0,0.0]":-0.5009263,"[20.0,4.0,-3.0,-0.2,0.0,0.0,0.0,0.0,0.0,0.0]":1.1402521,"[0.0,0.0,0.0,0.0,0.0,0.0,0.0,0.0,0.0,0.0]":0.20454769,"[20.0,0.0,3.0,-0.2,0.0,0.0,0.0,0.0,0.0,0.0]":0.24939124,"[20.0,4.0,0.0,0.0,0.0,0.0,0.0,0.0,0.0,0.0]":1.2309873,"[40.0,0.0,-3.0,0.2,0.0,0.0,0.0,0.0,0.0,0.0]":0.75332856,"[0.0,-4.0,-3.0,-0.2,0.0,0.0,0.0,0.0,0.0,0.0]":-0.08531247,"[40.0,0.0,3.0,0.2,0.0,0.0,0.0,0.0,0.0,0.0]":0.5720426,"[40.0,0.0,-3.0,-0.2,0.0,0.0,0.0,0.0,0.0,0.0]":0.886475,"[0.0,4.0,0.0,0.0,0.0,0.0,0.0,0.0,0.0,0.0]":1.5443456,"[0.0,4.0,3.0,0.2,0.0,0.0,0.0,0.0,0.0,0.0]":1.217975,"[20.0,4.0,0.0,0.2,0.0,0.0,0.0,0.0,0.0,0.0]":1.0818827,"[20.0,4.0,-3.0,0.0,0.0,0.0,0.0,0.0,0.0,0.0]":1.0399629,"[40.0,0.0,-3.0,0.0,0.0,0.0,0.0,0.0,0.0,0.0]":0.74762076,"[40.0,-4.0,0.0,0.2,0.0,0.0,0.0,0.0,0.0,0.0]":0.062065106,"[40.0,4.0,-3.0,0.2,0.0,0.0,0.0,0.0,0.0,0.0]":0.82813525,