{"test_dict":{"[40.0,-4.0,-0.2,0.0,0.0,0.0,0.0,0.0,0.0]":-1.0288515,"[40.0,4.0,-0.2,0.0,0.0,0.0,0.0,0.0,0.0]":0.6790909,"[0.0,-4.0,-0.2,0.0,0.0,0.0,0.0,0.0,0.0]":-1.1475368,"[0.0,-4.0,0.2,0.0,0.0,0.0,0.0,0.0,0.0]":-0.8012682,"[0.0,4.0,-0.2,0.0,0.0,0.0,0.0,0.0,0.0]":0.73957014,"[0.0,-4.0,0.0,0.0,0.0,0.0,0.0,0.0,0.0]":-1.0370997,"[20.0,4.0,0.2,0.0,0.0,0.0,0.0,0.0,0.0]":1.113218,"[20.0,-4.0,-0.2,0.0,0.0,0.0,0.0,0.0,0.0]":-1.1020392,"[40.0,0.0,-0.2,0.0,0.0,0.0,0.0,0.0,0.0]":-0.3772765,"[20.0,0.0,-0.2,0.0,0.0,0.0,0.0,0.0,0.0]":-0.41516998,"[20.0,-4.0,0.0,0.0,0.0,0.0,0.0,0.0,0.0]":-0.9988979,"[40.0,0.0,0.2,0.0,0.0,0.0,0.0,0.0,0.0]":0.46229205,"[40.0,4.0,0.0,0.0,0.0,0.0,0.0,0.0,0.0]":0.9450177,"[0.0,4.0,0.2,0.0,0.0,0.0,0.0,0.0,0.0]":1.1235166,"[20.0,4.0,0.0,0.0,0.0,0.0,0.0,0.0,0.0]":0.9900361,"[40.0,-4.0,0.2,0.0,0.0,0.0,0.0,0.0,0.0]":-0.7088155,"[20.0,4.0,-0.2,0.0,0.0,0.0,0.0,0.0,0.0]":0.66799015,"[40.0,4.0,0.2,0.0,0.0,0.0,0.0,0.0,0.0]":1.0687013,"[40.0,0.0,0.0,0.0,0.0,0.0,0.0,0.0,0.0]":-0.0090634,"[20.0,0.0,0.0,0.0,0.0,0.0,0.0,0.0,0.0]":-0.0014731735,"[20.0,0.0,0.2,0.0,0.0,0.0,0.0,0.0,0.0]":0.44452536,"[40.0,-4.0,0.0,0.0,0.0,0.0,0.0,0.0,0.0]":-0.956464,"[0.0,0.0,0.0,0.0,0.0,0.0,0.0,0.0,0.0]":-0.02172843,"[20.0,-4.0,0.2,0.0,0.0,0.0,0.0,0.0,0.0]":-0.70471126,"[0.0,0.0,0.2,0.0,0.0,0.0,0.0,0.0,0.0]":0.29659644,"[0.0,4.0,0.0,0.0,0.0,0.0,0.0,0.0,0.0]":1.0343534,"[0.0,0.0,-0.2,0.0,0.0,0.0,0.0,0.0,0.0]":-0.16640404},"input_std":[[8.964302],[1.3210298],[0.051974196],[0.2880564],[0.21681611],[0.24623522],[0.31755412],[0.45911756],[0.6973819]],"model_test_loss":0.017238983884453773,"input_size":9,"current_date_and_time":"2023-05-07_08-33-48","input_mean":[[20.1881],[0.10753108],[-0.0021770329],[-0.017675469],[-0.0119246235],[0.0027164014],[0.0059035053],[0.0071344874],[0.0030270878]],"input_vars":["v_ego","lateral_accel","roll","lateral_accel_delta_m05","lateral_accel_delta_m03","lateral_accel_delta_p03","lateral_accel_delta_p05","lateral_accel_delta_p09","lateral_accel_delta_p17"],"output_size":1,"test_dict_zero_bias":{"[40.0,-4.0,-0.2,0.0,0.0,0.0,0.0,0.0,0.0]":-0.35960773,"[40.0,4.0,-0.2,0.0,0.0,0.0,0.0,0.0,0.0]":0.843443,"[0.0,-4.0,-0.2,0.0,0.0,0.0,0.0,0.0,0.0]":-0.2979414,"[0.0,-4.0,0.2,0.0,0.0,0.0,0.0,0.0,0.0]":1.555942,"[0.0,4.0,-0.2,0.0,0.0,0.0,0.0,0.0,0.0]":1.382652,"[0.0,-4.0,0.0,0.0,0.0,0.0,0.0,0.0,0.0]":0.2524032,"[20.0,4.0,0.2,0.0,0.0,0.0,0.0,0.0,0.0]":2.085954,"[20.0,-4.0,-0.2,0.0,0.0,0.0,0.0,0.0,0.0]":-0.36000845,"[40.0,0.0,-0.2,0.0,0.0,0.0,0.0,0.0,0.0]":-0.08218495,"[20.0,0.0,-0.2,0.0,0.0,0.0,0.0,0.0,0.0]":0.04481359,"[20.0,-4.0,0.0,0.0,0.0,0.0,0.0,0.0,0.0]":-0.24543597,"[40.0,0.0,0.2,0.0,0.0,0.0,0.0,0.0,0.0]":0.7436253,"[40.0,4.0,0.0,0.0,0.0,0.0,0.0,0.0,0.0]":1.3569136,"[0.0,4.0,0.2,0.0,0.0,0.0,0.0,0.0,0.0]":2.274817,"[20.0,4.0,0.0,0.0,0.0,0.0,0.0,0.0,0.0]":1.8067728,"[40.0,-4.0,0.2,0.0,0.0,0.0,0.0,0.0,0.0]":-0.06809199,"[20.0,4.0,-0.2,0.0,0.0,0.0,0.0,0.0,0.0]":1.1408169,"[40.0,4.0,0.2,0.0,0.0,0.0,0.0,0.0,0.0]":1.7672467,"[40.0,0.0,0.0,0.0,0.0,0.0,0.0,0.0,0.0]":0.15734953,"[20.0,0.0,0.0,0.0,0.0,0.0,0.0,0.0,0.0]":0.3864374,"[20.0,0.0,0.2,0.0,0.0,0.0,0.0,0.0,0.0]":1.0084853,"[40.0,-4.0,0.0,0.0,0.0,0.0,0.0,0.0,0.0]":-0.27653682,"[0.0,0.0,0.0,0.0,0.0,0.0,0.0,0.0,0.0]":1.779838,"[20.0,-4.0,0.2,0.0,0.0,0.0,0.0,0.0,0.0]":0.029273223,"[0.0,0.0,0.2,0.0,0.0,0.0,0.0,0.0,0.0]":1.2499375,"[0.0,4.0,0.0,0.0,0.0,0.0,0.0,0.0,0.0]":2.0561256,"[0.0,0.0,-0.2,0.0,0.0,0.0,0.0,0.0,0.0]":2.0333285},"layers":[{"dense_1_b":[[-1.0662495],[-0.12035958],[0.5340754],[0.091180645],[-0.7941428],[-0.29331592],[-0.17521349],[3.3193827]],"dense_1_W":[[0.18176685,0.22956182,-0.026129391,-0.1824791,-0.2516774,-0.66221726,0.19284074,-0.062369447,-0.2360312],[0.1567902,-1.2649177,-0.8991824,-1.9444987,-3.481516,5.85759,0.053025432,1.3767973,-1.3509438],[0.75736153,5.32887,0.6983624,-0.13187717,0.46420658,0.37709388,0.061686777,-0.1549033,0.31475702],[-0.17852801,0.22821847,0.053569112,-0.11125885,-0.08980929,-0.22058411,0.07157223,-0.031589005,-0.094481915],[0.09003965,-0.6845242,-0.51048905,-0.28953987,-0.40382767,-1.4220527,0.3256962,-0.06122981,-0.376355],[-0.039208002,2.7043266,-0.6905949,-0.33135605,0.20095782,0.25585878,0.2738448,-0.1778646,0.5836822],[-0.03980024,-2.9674914,-0.84358525,0.017562171,-0.19995704,-0.10835224,0.0039033194,-0.15941499,0.15590584],[3.1516786,-2.2112725,-0.69145346,0.10584822,0.011859463,-0.10908597,0.07427281,-0.16942737,0.14506188]],"activation":"σ"},{"dense_2_W":[[-2.4593174,-4.8187838,-1.486493,2.180149,-2.640835,-1.7307066,-0.76454663,-0.49408177],[-3.5031772,-0.8259541,-0.08660185,-0.19028948,0.86482024,0.7631571,1.4787732,-3.6693583],[0.90312517,0.39968857,0.5871824,-2.3251932,-1.7158962,-0.72466546,-1.6333417,-0.9869282],[-3.067853,0.3396106,-5.306343,1.1114776,-0.3103795,-1.4718717,1.0002872,-2.7194185],[-1.543131,0.17613119,0.81215376,-1.2621527,0.32905364,0.31443474,-0.15240222,-0.088331744],[0.9690058,1.2636702,1.091027,1.372914,-0.18980756,0.06731189,-2.00037,-1.141155],[-3.992897,-3.8165808,-4.961462,-0.14163901,0.36461654,0.59243,0.29855883,-0.7179214],[-2.975011,-1.9010321,-2.9678154,-4.0231085,-1.3022128,-6.194857,0.624323,0.39243534],[0.57840276,0.22292458,-0.41729456,0.8084948,-1.518094,0.5857033,-1.9147531,-0.064271785],[-1.9835598,-0.6174043,0.4596429,0.88739985,-4.0059843,0.2306766,-2.388589,-0.5187551],[-0.46138564,-1.2125946,-1.5401602,0.4146066,1.0473863,-0.83381724,0.061320733,-1.119658],[-0.99447757,-1.8929801,-2.2143283,-0.9865019,-2.889553,-3.6420736,0.37652665,-1.2728531],[-5.237898,-1.5068865,-0.46562174,1.4629837,0.51853985,1.3489462,-2.8286934,-1.6772525],[-2.251177,-0.66428894,-0.8765731,-0.91546685,0.9453705,-0.51651776,0.7834923,-0.306875],[-0.8904334,-1.1482793,-1.281505,-2.030269,-0.15139124,-1.3902946,-1.2496814,0.23099668],[-0.93224144,0.5953323,-7.748583,2.189498,-1.4955641,-1.2873901,0.75059927,-1.666452]],"activation":"σ",