{"test_dict":{"[40.0,4.0,0.0,0.0,0.0,0.0,0.0,0.0]":0.900754,"[20.0,0.0,3.0,0.2,0.0,0.0,0.0,0.0]":-0.28659183,"[40.0,0.0,3.0,0.2,0.0,0.0,0.0,0.0]":-0.28980824,"[0.0,4.0,3.0,0.0,0.0,0.0,0.0,0.0]":1.1136295,"[20.0,-4.0,-3.0,0.2,0.0,0.0,0.0,0.0]":-1.1619753,"[40.0,4.0,-3.0,-0.2,0.0,0.0,0.0,0.0]":0.86437714,"[0.0,4.0,3.0,0.2,0.0,0.0,0.0,0.0]":1.0819572,"[40.0,-4.0,0.0,0.2,0.0,0.0,0.0,0.0]":-0.94858277,"[40.0,0.0,0.0,0.2,0.0,0.0,0.0,0.0]":-0.31687662,"[40.0,4.0,0.0,0.2,0.0,0.0,0.0,0.0]":0.8405969,"[0.0,0.0,0.0,0.2,0.0,0.0,0.0,0.0]":0.41445467,"[0.0,4.0,-3.0,-0.2,0.0,0.0,0.0,0.0]":0.54040575,"[20.0,4.0,3.0,-0.2,0.0,0.0,0.0,0.0]":1.1317719,"[40.0,4.0,3.0,-0.2,0.0,0.0,0.0,0.0]":1.084473,"[0.0,0.0,3.0,0.2,0.0,0.0,0.0,0.0]":2.870581,"[20.0,4.0,-3.0,-0.2,0.0,0.0,0.0,0.0]":0.8655634,"[40.0,-4.0,0.0,-0.2,0.0,0.0,0.0,0.0]":0.23826897,"[20.0,-4.0,3.0,0.0,0.0,0.0,0.0,0.0]":-0.87060213,"[20.0,-4.0,0.0,0.2,0.0,0.0,0.0,0.0]":-0.95066047,"[20.0,-4.0,3.0,0.2,0.0,0.0,0.0,0.0]":-0.90276015,"[20.0,0.0,-3.0,0.0,0.0,0.0,0.0,0.0]":-0.20204312,"[0.0,-4.0,3.0,-0.2,0.0,0.0,0.0,0.0]":0.35586247,"[40.0,0.0,3.0,0.0,0.0,0.0,0.0,0.0]":0.1337285,"[0.0,4.0,0.0,-0.2,0.0,0.0,0.0,0.0]":0.9835595,"[20.0,4.0,3.0,0.2,0.0,0.0,0.0,0.0]":1.1363503,"[0.0,4.0,-3.0,0.0,0.0,0.0,0.0,0.0]":0.4483182,"[40.0,4.0,-3.0,0.2,0.0,0.0,0.0,0.0]":0.7416549,"[40.0,4.0,0.0,-0.2,0.0,0.0,0.0,0.0]":0.8706081,"[20.0,4.0,-3.0,0.0,0.0,0.0,0.0,0.0]":0.86215115,"[20.0,-4.0,0.0,-0.2,0.0,0.0,0.0,0.0]":0.034286052,"[0.0,0.0,0.0,0.0,0.0,0.0,0.0,0.0]":-0.022746637,"[20.0,0.0,0.0,-0.2,0.0,0.0,0.0,0.0]":0.4067444,"[0.0,4.0,0.0,0.2,0.0,0.0,0.0,0.0]":1.0045083,"[40.0,-4.0,0.0,0.0,0.0,0.0,0.0,0.0]":-0.9634756,"[40.0,4.0,3.0,0.2,0.0,0.0,0.0,0.0]":0.8930876,"[20.0,0.0,0.0,0.0,0.0,0.0,0.0,0.0]":-0.011719584,"[40.0,0.0,0.0,0.0,0.0,0.0,0.0,0.0]":-0.02536732,"[40.0,0.0,-3.0,0.2,0.0,0.0,0.0,0.0]":-0.5152185,"[20.0,-4.0,0.0,0.0,0.0,0.0,0.0,0.0]":-1.0039016,"[40.0,0.0,-3.0,0.0,0.0,0.0,0.0,0.0]":-0.26867786,"[0.0,4.0,0.0,0.0,0.0,0.0,0.0,0.0]":1.0510306,"[0.0,-4.0,-3.0,0.2,0.0,0.0,0.0,0.0]":-1.0941004,"[0.0,-4.0,3.0,0.2,0.0,0.0,0.0,0.0]":-0.49113667,"[20.0,0.0,3.0,-0.2,0.0,0.0,0.0,0.0]":0.57425976,"[20.0,0.0,0.0,0.2,0.0,0.0,0.0,0.0]":-0.358191,"[0.0,0.0,-3.0,-0.2,0.0,0.0,0.0,0.0]":-3.46932,"[20.0,0.0,-3.0,-0.2,0.0,0.0,0.0,0.0]":0.3411148,"[20.0,4.0,0.0,0.2,0.0,0.0,0.0,0.0]":0.99817955,"[40.0,-4.0,-3.0,0.2,0.0,0.0,0.0,0.0]":-1.1711601,"[0.0,-4.0,-3.0,0.0,0.0,0.0,0.0,0.0]":-1.0660336,"[0.0,0.0,-3.0,0.2,0.0,0.0,0.0,0.0]":-1.5957011,"[0.0,4.0,3.0,-0.2,0.0,0.0,0.0,0.0]":1.1366906,"[40.0,4.0,-3.0,0.0,0.0,0.0,0.0,0.0]":0.85496235,"[40.0,-4.0,3.0,0.2,0.0,0.0,0.0,0.0]":-0.88727903,"[0.0,-4.0,0.0,-0.2,0.0,0.0,0.0,0.0]":0.5076666,"[20.0,4.0,3.0,0.0,0.0,0.0,0.0,0.0]":1.1279732,"[40.0,0.0,-3.0,-0.2,0.0,0.0,0.0,0.0]":0.35149685,"[40.0,0.0,3.0,-0.2,0.0,0.0,0.0,0.0]":0.33478698,"[40.0,0.0,0.0,-0.2,0.0,0.0,0.0,0.0]":0.3165703,"[0.0,0.0,3.0,-0.2,0.0,0.0,0.0,0.0]":0.9617077,"[0.0,0.0,3.0,0.0,0.0,0.0,0.0,0.0]":1.3845791,"[0.0,4.0,-3.0,0.2,0.0,0.0,0.0,0.0]":0.42527744,"[0.0,0.0,-3.0,0.0,0.0,0.0,0.0,0.0]":-3.004836,"[40.0,-4.0,3.0,0.0,0.0,0.0,0.0,0.0]":-0.8114009,"[20.0,4.0,-3.0,0.2,0.0,0.0,0.0,0.0]":0.76552594,"[40.0,-4.0,3.0,-0.2,0.0,0.0,0.0,0.0]":0.0028854609,"[20.0,4.0,0.0,0.0,0.0,0.0,0.0,0.0]":0.94553685,"[0.0,-4.0,0.0,0.0,0.0,0.0,0.0,0.0]":-1.1043969,"[20.0,4.0,0.0,-0.2,0.0,0.0,0.0,0.0]":0.9030738,"[20.0,0.0,-3.0,0.2,0.0,0.0,0.0,0.0]":-0.4938889,"[0.0,0.0,0.0,-0.2,0.0,0.0,0.0,0.0]":-0.3820746,"[20.0,-4.0,3.0,-0.2,0.0,0.0,0.0,0.0]":-0.024071693,"[40.0,4.0,3.0,0.0,0.0,0.0,0.0,0.0]":1.0771419,"[20.0,-4.0,-3.0,0.0,0.0,0.0,0.0,0.0]":-1.1611146,"[20.0,-4.0,-3.0,-0.2,0.0,0.0,0.0,0.0]":-0.09211147,"[0.0,-4.0,3.0,0.0,0.0,0.0,0.0,0.0]":-0.46403465,"[0.0,-4.0,-3.0,-0.2,0.0,0.0,0.0,0.0]":-0.060419142,"[40.0,-4.0,-3.0,0.0,0.0,0.0,0.0,0.0]":-1.156826,"[20.0,0.0,3.0,0.0,0.0,0.0,0.0,0.0]":0.21097448,"[0.0,-4.0,0.0,0.2,0.0,0.0,0.0,0.0]":-0.9335058,"[40.0,-4.0,-3.0,-0.2,0.0,0.0,0.0,0.0]":0.30021438},"input_std":[[7.842498],[1.6884675],[1.2706928],[0.05350039],[0.36006096],[0.5428065],[0.83484614],[1.1233076]],"model_test_loss":0.023517385125160217,"input_size":8,"current_date_and_time":"2023-05-09_14-02-11","input_mean":[[13.16104],[-0.014599727],[-0.015679682],[-0.009922613],[-0.0011931239],[-0.0026213683],[-0.003010636],[-0.0015483674]],"input_vars":["v_ego","lateral_accel","lateral_jerk","roll","lateral_accel_delta_p03","lateral_accel_delta_p05","lateral_accel_delta_p09","lateral_accel_delta_p17"],"output_size":1,"test_dict_zero_bias":{"[40.0,4.0,0.0,0.0,0.0,0.0,0.0,0.0]":1.6273224,"[20.0,0.0,3.0,0.2,0.0,0.0,0.0,0.0]":0.65159804,"[40.0,0.0,3.0,0.2,0.0,0.0,0.0,0.0]":0.55341357,"[0.0,4.0,3.0,0.0,0.0,0.0,0.0,0.0]":1.9038011,"[20.0,-4.0,-3.0,0.2,0.0,0.0,0.0,0.0]":0.04707039,"[40.0,4.0,-3.0,-0.2,0.0,0.0,0.0,0.0]":1.6487896,"[0.0,4.0,3.0,0.2,0.0,0.0,0.0,0.0]":1.9988992,"[40.0,-4.0,0.0,0.2,0.0,0.0,0.0,0.0]":-0.11524807,"[40.0,0.0,0.0,0.2,0.0,0.0,0.0,0.0]":0.55284756,"[40.0,4.0,0.0,0.2,0.0,0.0,0.0,0.0]":1.6341302,"[0.0,0.0,0.0,0.2,0.0,0.0,0.0,0.0]":0.75392544,"[0.0,4.0,-3.0,-0.2,0.0,0.0,0.0,0.0]":1.3518488,"[20.0,4.0,3.0,-0.2,0.0,0.0,0.0,0.0]":1.790756,"[40.0,4.0,3.0,-0.2,0.0,0.0,0.0,0.0]":1.7638766,"[0.0,0.0,3.0,0.2,0.0,0.0,0.0,0.0]":2.3984613,"[20.0,4.0,-3.0,-0.2,0.0,0.0,0.0,0.0]":1.5542123,"[40.0,-4.0,0.0,-0.2,0.0,0.0,0.0,0.0]":1.8192519,"[20.0,-4.0,3.0,0.0,0.0,0.0,0.0,0.0]":0.1266816,"[20.0,-4.0,0.0,0.2,0.0,0.0,0.0,0.0]":-0.15091975,"[20.0,-4.0,3.0,0.2,0.0,0.0,0.0,0.0]":-0.13516657,"[20.0,0.0,-3.0,0.0,0.0,0.0,0.0,0.0]":0.7225767,"[0.0,-4.0,3.0,-0.2,0.0,0.0,0.0,0.0]":5.4421806,"[40.0,0.0,3.0,0.0,0.0,0.0,0.0,0.0]":0.9114906,"[0.0,4.0,0.0,-0.2,0.0,0.0,0.0,0.0]":1.5411752,"[20.0,4.0,3.0,0.2,0.0,0.0,0.0,0.0]":2.0088701,"[0.0,4.0,-3.0,0.0,0.0,0.0,0.0,0.0]":1.2971098,"[40.0,4.0,-3.0,0.2,0.0,0.0,0.0,0.0]":1.6458774,"[40.0,4.0,0.0,-0.2,0.0,0.0,0.0,0.0]":1.6310159,"[20.0,4.0,-3.0,0.0,0.0,0.0,0.0,0.0]":1.6370571,"[20.0,-4.0,0.0,-0.2,0.0,0.0,0.0,0.0]":2.9244251,"[0.0,0.0,0.0,0.0,0.0,0.0,0.0,0.0]":0.6289217,"[20.0,0.0,0.0,-0.2,0.0,0.0,0.0,0.0]":1.0519587,"[0.0,4.0,0.0,0.2,0.0,0.0,0.0,0.0]":1.9608686,"[40.0,-4.0,0.0,0.0,0.0,0.0,0.0,0.0]":0.050231893,"[40.0,4.0,3.0,0.2,0.0,0.0,0.0,0.0]":1.6243478,"[20.0,0.0,0.0,0.0,0.0,0.0,0.0,0.0]":0.96916944,"[40.0,0.0,0.0,0.0,0.0,0.0,0.0,0.0]":0.9512416,"[40.0,0.0,-3.0,0.2,0.0,0.0,0.0,0.0]":0.34501302,"[20.0,-4.0,0.0,0.0,0.0,0.0,0.0,0.0]":0.024617475,"[40.0,0.0,-3.0,0.0,0.0,0.0,0.0,0.0]":0.820228,"[0.0,4.0,0.0,0.0,0.0,0.0,0.0,0.0]":1.721974,"[0.0,-4.0,-3.0,0.2,0.0,0.0,0.0,0.0]":1.2533691,"[0.0,-4.0,3.0,0.2,0.0,0.0,0.0,0.0]":3.5138805,"[20.0,0.0,3.0,-0.2,0.0,0.0,0.0,0.0]":0.97031355,"[20.0,0.0,0.0,0.2,0.0,0.0,0.0,0.0]":0.5952077,"[0.0,0.0,-3.0,-0.2,0.0,0.0,0.0,0.0]":-1.1735815,"[20.0,0.0,-3.0,-0.2,0.0,0.0,0.0,0.0]":1.0621394,"[20.0,4.0,0.0,0.2,0.0,0.0,0.0,0.0]":1.9277726,"[40.0,-4.0,-3.0,0.2,0.0,0.0,0.0,0.0]":-0.15434991,"[0.0,-4.0,-3.0,0.0,0.0,0.0,0.0,0.0]":1.3923827,"[0.0,0.0,-3.0,0.2,0.0,0.0,0.0,0.0]":-2.1557255,"[0.0,4.0,3.0,-0.2,0.0,0.0,0.0,0.0]":1.9074681,"[40.0,4.0,-3.0,0.0,0.0,0.0,0.0,0.0]":1.6501956,"[40.0,-4.0,3.0,0.2,0.0,0.0,0.0,0.0]":-0.073376425,"[0.0,-4.0,0.0,-0.2,0.0,0.0,0.0,0.0]":4.1427355,"[20.0,4.0,3.0,0.0,0.0,0.0,0.0,0.0]":1.7921548,"[40.0,0.0,-3.0,-0.2,0.0,0.0,0.0,0.0]":1.0502763,"[40.0,0.0,3.0,-0.2,0.0,0.0,0.0,0.0]":0.87197137,"[40.0,0.0,0.0,-0.2,0.0,0.0,0.0,0.0]":0.9904408,"[0.0,0.0,3.0,-0.2,0.0,0.0,0.0,0.0]":1.8663775,"[0.0,0.0,3.0,0.0,0.0,0.0,0.0,0.0]":1.5835185,"[0.0,4.0,-3.0,0.2,0.0,0.0,0.0,0.0]":0.8751272,"[0.0,0.0,-3.0,0.0,0.0,0.0,0.0,0.0]":-2.1605299,"[40.0,-4.0,3.0,0.0,0.0,0.0,0.0,0.0]":0.34366632,"[20.0,4.0,-3.0,0.2,0.0,0.0,0.0,0.0]":1.7846884,"[40.0,-4.0,3.0,-0.2,0.0,0.0,0.0,0.0]":1.3671231,"[20.0,4.0,0.0,0.0,0.0,0.0,0.0,0.0]":1.6426802,"[0.0,-4.0,0.0,0.0,0.0,0.0,0.0,0.0]":0.9705734,"[20.0,4.0,0.0,-0.2,0.0,0.0,0.0,0.0]":1.5962461,"[20.0,0.0,-3.0,0.2,0.0,0.0,0.0,0.0]":0.38181284,"[0.0,0.0,0.0,-0.2,0.0,0.0,0.0,0.0]":0.58702445,"[20.0,-4.0,3.0,-0.2,0.0,0.0,0.0,0.0]":1.9946817,"[40.0,4.0,3.0,0.0,0.0,0.0,0.0,0.0]":1.7406241,