{"test_dict":{"[40.0,-4.0,-0.2,0.0,0.0,0.0,0.0,0.0,0.0]":-0.6078875,"[40.0,4.0,-0.2,0.0,0.0,0.0,0.0,0.0,0.0]":0.92147684,"[0.0,-4.0,-0.2,0.0,0.0,0.0,0.0,0.0,0.0]":-0.7221694,"[0.0,-4.0,0.2,0.0,0.0,0.0,0.0,0.0,0.0]":-0.9399116,"[0.0,4.0,-0.2,0.0,0.0,0.0,0.0,0.0,0.0]":0.86749613,"[0.0,-4.0,0.0,0.0,0.0,0.0,0.0,0.0,0.0]":-1.0198702,"[20.0,4.0,0.2,0.0,0.0,0.0,0.0,0.0,0.0]":0.60176486,"[20.0,-4.0,-0.2,0.0,0.0,0.0,0.0,0.0,0.0]":-0.60130155,"[40.0,0.0,-0.2,0.0,0.0,0.0,0.0,0.0,0.0]":0.6095824,"[20.0,0.0,-0.2,0.0,0.0,0.0,0.0,0.0,0.0]":0.5378081,"[20.0,-4.0,0.0,0.0,0.0,0.0,0.0,0.0,0.0]":-0.95757484,"[40.0,0.0,0.2,0.0,0.0,0.0,0.0,0.0,0.0]":-0.5929091,"[40.0,4.0,0.0,0.0,0.0,0.0,0.0,0.0,0.0]":0.91885555,"[0.0,4.0,0.2,0.0,0.0,0.0,0.0,0.0,0.0]":0.8979658,"[20.0,4.0,0.0,0.0,0.0,0.0,0.0,0.0,0.0]":0.99128497,"[40.0,-4.0,0.2,0.0,0.0,0.0,0.0,0.0,0.0]":-0.93337524,"[20.0,4.0,-0.2,0.0,0.0,0.0,0.0,0.0,0.0]":0.88487494,"[40.0,4.0,0.2,0.0,0.0,0.0,0.0,0.0,0.0]":0.55660856,"[40.0,0.0,0.0,0.0,0.0,0.0,0.0,0.0,0.0]":-0.035980836,"[20.0,0.0,0.0,0.0,0.0,0.0,0.0,0.0,0.0]":0.0014990419,"[20.0,0.0,0.2,0.0,0.0,0.0,0.0,0.0,0.0]":-0.560514,"[40.0,-4.0,0.0,0.0,0.0,0.0,0.0,0.0,0.0]":-0.9501041,"[0.0,0.0,0.0,0.0,0.0,0.0,0.0,0.0,0.0]":0.04998888,"[20.0,-4.0,0.2,0.0,0.0,0.0,0.0,0.0,0.0]":-0.93697643,"[0.0,0.0,0.2,0.0,0.0,0.0,0.0,0.0,0.0]":-0.25663805,"[0.0,4.0,0.0,0.0,0.0,0.0,0.0,0.0,0.0]":1.124782,"[0.0,0.0,-0.2,0.0,0.0,0.0,0.0,0.0,0.0]":0.14740294},"input_std":[[8.964302],[1.3210298],[0.051974196],[0.2880564],[0.21681611],[0.24623522],[0.31755412],[0.45911756],[0.6973819]],"model_test_loss":0.017433809116482735,"input_size":9,"current_date_and_time":"2023-05-07_20-34-39","input_mean":[[20.1881],[0.10753108],[0.0021770329],[-0.017675469],[-0.0119246235],[0.0027164014],[0.0059035053],[0.0071344874],[0.0030270878]],"input_vars":["v_ego","lateral_accel","roll","lateral_accel_delta_m05","lateral_accel_delta_m03","lateral_accel_delta_p03","lateral_accel_delta_p05","lateral_accel_delta_p09","lateral_accel_delta_p17"],"output_size":1,"test_dict_zero_bias":{"[40.0,-4.0,-0.2,0.0,0.0,0.0,0.0,0.0,0.0]":-1.2658612,"[40.0,4.0,-0.2,0.0,0.0,0.0,0.0,0.0,0.0]":0.55995,"[0.0,-4.0,-0.2,0.0,0.0,0.0,0.0,0.0,0.0]":-1.6301149,"[0.0,-4.0,0.2,0.0,0.0,0.0,0.0,0.0,0.0]":-1.5672795,"[0.0,4.0,-0.2,0.0,0.0,0.0,0.0,0.0,0.0]":0.44137397,"[0.0,-4.0,0.0,0.0,0.0,0.0,0.0,0.0,0.0]":-1.6832958,"[20.0,4.0,0.2,0.0,0.0,0.0,0.0,0.0,0.0]":0.2807964,"[20.0,-4.0,-0.2,0.0,0.0,0.0,0.0,0.0,0.0]":-1.2880166,"[40.0,0.0,-0.2,0.0,0.0,0.0,0.0,0.0,0.0]":0.15215084,"[20.0,0.0,-0.2,0.0,0.0,0.0,0.0,0.0,0.0]":-0.049018905,"[20.0,-4.0,0.0,0.0,0.0,0.0,0.0,0.0,0.0]":-1.521121,"[40.0,0.0,0.2,0.0,0.0,0.0,0.0,0.0,0.0]":-1.0473087,"[40.0,4.0,0.0,0.0,0.0,0.0,0.0,0.0,0.0]":0.65430427,"[0.0,4.0,0.2,0.0,0.0,0.0,0.0,0.0,0.0]":0.38677967,"[20.0,4.0,0.0,0.0,0.0,0.0,0.0,0.0,0.0]":0.60859776,"[40.0,-4.0,0.2,0.0,0.0,0.0,0.0,0.0,0.0]":-1.5576825,"[20.0,4.0,-0.2,0.0,0.0,0.0,0.0,0.0,0.0]":0.4686488,"[40.0,4.0,0.2,0.0,0.0,0.0,0.0,0.0,0.0]":0.18867365,"[40.0,0.0,0.0,0.0,0.0,0.0,0.0,0.0,0.0]":-0.32794276,"[20.0,0.0,0.0,0.0,0.0,0.0,0.0,0.0,0.0]":-0.30534896,"[20.0,0.0,0.2,0.0,0.0,0.0,0.0,0.0,0.0]":-0.9968135,"[40.0,-4.0,0.0,0.0,0.0,0.0,0.0,0.0,0.0]":-1.5140587,"[0.0,0.0,0.0,0.0,0.0,0.0,0.0,0.0,0.0]":-0.58006746,"[20.0,-4.0,0.2,0.0,0.0,0.0,0.0,0.0,0.0]":-1.560039,"[0.0,0.0,0.2,0.0,0.0,0.0,0.0,0.0,0.0]":-0.9545553,"[0.0,4.0,0.0,0.0,0.0,0.0,0.0,0.0,0.0]":0.5512547,"[0.0,0.0,-0.2,0.0,0.0,0.0,0.0,0.0,0.0]":-0.42684495},"layers":[{"dense_1_b":[[0.773695],[-0.42796877],[-0.55063134],[3.3474836],[-0.08105494],[-0.36760005],[0.074397035],[0.27594838]],"dense_1_W":[[0.9102219,-0.8636781,0.2426787,0.08202872,-0.007973188,-0.0716393,0.012272897,-0.052332155,0.057590604],[0.17298163,-6.569493,-0.11727243,0.60586125,-1.2551911,-0.38373637,0.022443017,0.010901918,-0.104820155],[0.006321874,2.234385,-0.41783744,0.10717524,0.08196155,0.14291094,-0.07969979,0.106985055,-0.028663525],[-0.06496058,-1.1741182,1.9406617,4.679315,0.35399896,1.1099776,0.50417924,0.073883824,1.066772],[0.121365555,-0.10726736,0.22580875,-0.9675943,-4.9586697,0.2363001,0.0851126,0.1138291,-0.17103712],[-0.0028494291,0.5469391,-0.4425475,-0.20240851,-0.103009395,-0.29348782,0.07224552,-0.07327278,-0.15827535],[-0.012592468,0.55142754,0.41074884,0.40472528,0.34003067,1.3240367,-0.13397294,0.037891902,0.4376458],[0.22555889,0.120448485,0.16634133,1.592236,-0.22000985,-9.534263,-3.4097536,-3.8097205,3.135384]],"activation":"σ"},{"dense_2_W":[[-0.030208131,0.7433351,-2.4488392,-0.13445887,-0.6754914,-1.7507206,0.03614213,0.68620646],[-1.2803029,-0.9450261,-1.0030147,-0.4463705,-0.5090553,-1.3106875,-0.31514984,0.6192252],[-4.9001584,1.1523274,-1.2781334,0.65883356,0.23288178,-1.8211628,-1.6526904,-0.14804661],[-6.7874227,-2.9860013,-3.4710019,0.7747786,0.30575046,-0.32294738,0.19993065,0.33644295],[-0.1988488,-0.43088254,-1.568931,0.2748534,-0.58693874,-0.8952318,-0.7667681,0.5916606],[-3.0153916,-3.0825207,1.0152923,-1.4087481,-0.73641187,-0.21208718,-0.016460111,0.25257462],[-4.1644807,-6.5994034,0.6108259,-1.4501727,-1.3822652,-0.3212637,-0.9779818,-4.597822],[-0.051113546,0.015131169,-0.6276928,-2.1831272,-0.90273464,-1.2617791,-0.9927401,-1.1443264],[-1.9867368,-1.3584124,0.42659506,-0.47477245,-0.007873193,-0.9710692,-0.44199774,-0.12270496],[1.2710681,-0.38830176,-1.3633782,-0.38964012,0.15375248,-2.2389228,-0.30008358,-0.71014047],[-0.974056,-0.67727953,-3.1491022,-0.46227086,-0.75071687,-1.3755416,-0.6908978,-1.2173967],[-2.883316,-3.255198,-0.5834542,-1.2397813,-0.72460556,-0.25070697,-1.1913271,-1.5415056],[-1.1597553,-0.22725606,-2.8941355,-0.79147,-1.0904361,-2.094645,-1.1131546,-0.6640914],[-1.183733,-2.1843584,-0.62764853,-1.1281556,-1.2606338,-0.911889,-1.2483867,-1.5945683],[-2.3644989,0.015045727,-0.6611793,-1.5632288,-2.4694993,0.532699,0.39623883,-1.1667615],[-0.90874386,-0.5855518,0.47038436,-0.7545346,-0.02853624,1.339776,0.5667866,-0.55923307]],"activation":"σ",