{"test_dict":{"[40.0,0.0,-4.0,0.2,0.0,0.0,-4.0,-4.0,0.2,0.2]":0.24810284,"[40.0,-4.0,0.0,0.2,-4.0,-4.0,0.0,0.0,0.2,0.2]":-0.9535156,"[20.0,-4.0,4.0,-0.2,-4.0,-4.0,4.0,4.0,-0.2,-0.2]":-0.6446912,"[20.0,0.0,0.0,0.0,0.0,0.0,0.0,0.0,0.0,0.0]":0.0021151472,"[0.0,-4.0,0.0,0.0,-4.0,-4.0,0.0,0.0,0.0,0.0]":-1.1418055,"[0.0,4.0,-4.0,-0.2,4.0,4.0,-4.0,-4.0,-0.2,-0.2]":-0.33560878,"[40.0,4.0,-4.0,0.2,4.0,4.0,-4.0,-4.0,0.2,0.2]":0.8313476,"[40.0,0.0,0.0,0.0,0.0,0.0,0.0,0.0,0.0,0.0]":-0.0068208557,"[40.0,-4.0,4.0,0.0,-4.0,-4.0,4.0,4.0,0.0,0.0]":-0.80984277,"[0.0,-4.0,-4.0,-0.2,-4.0,-4.0,-4.0,-4.0,-0.2,-0.2]":-0.19299951,"[0.0,-4.0,-4.0,0.2,-4.0,-4.0,-4.0,-4.0,0.2,0.2]":-0.9140234,"[0.0,-4.0,4.0,-0.2,-4.0,-4.0,4.0,4.0,-0.2,-0.2]":-0.4431584,"[0.0,4.0,-4.0,0.2,4.0,4.0,-4.0,-4.0,0.2,0.2]":0.3892629,"[0.0,4.0,4.0,-0.2,4.0,4.0,4.0,4.0,-0.2,-0.2]":1.0906471,"[20.0,4.0,-4.0,0.0,4.0,4.0,-4.0,-4.0,0.0,0.0]":0.79859704,"[0.0,0.0,-4.0,0.0,0.0,0.0,-4.0,-4.0,0.0,0.0]":-0.41319963,"[0.0,4.0,0.0,-0.2,4.0,4.0,0.0,0.0,-0.2,-0.2]":1.2076964,"[0.0,4.0,4.0,0.0,4.0,4.0,4.0,4.0,0.0,0.0]":0.8043727,"[20.0,4.0,0.0,-0.2,4.0,4.0,0.0,0.0,-0.2,-0.2]":0.940051,"[40.0,-4.0,-4.0,0.2,-4.0,-4.0,-4.0,-4.0,0.2,0.2]":-0.7269024,"[0.0,0.0,4.0,0.2,0.0,0.0,4.0,4.0,0.2,0.2]":0.54021555,"[20.0,-4.0,-4.0,0.0,-4.0,-4.0,-4.0,-4.0,0.0,0.0]":-0.4169178,"[40.0,4.0,4.0,-0.2,4.0,4.0,4.0,4.0,-0.2,-0.2]":1.2943009,"[20.0,0.0,-4.0,-0.2,0.0,0.0,-4.0,-4.0,-0.2,-0.2]":0.21101083,"[20.0,0.0,4.0,0.2,0.0,0.0,4.0,4.0,0.2,0.2]":0.5706768,"[40.0,4.0,0.0,-0.2,4.0,4.0,0.0,0.0,-0.2,-0.2]":0.96789765,"[0.0,0.0,-4.0,-0.2,0.0,0.0,-4.0,-4.0,-0.2,-0.2]":-0.29689017,"[40.0,-4.0,-4.0,0.0,-4.0,-4.0,-4.0,-4.0,0.0,0.0]":-0.18378568,"[0.0,-4.0,0.0,-0.2,-4.0,-4.0,0.0,0.0,-0.2,-0.2]":-0.9509796,"[40.0,-4.0,-4.0,-0.2,-4.0,-4.0,-4.0,-4.0,-0.2,-0.2]":0.086247124,"[40.0,0.0,4.0,0.0,0.0,0.0,4.0,4.0,0.0,0.0]":-0.024042243,"[20.0,4.0,-4.0,-0.2,4.0,4.0,-4.0,-4.0,-0.2,-0.2]":0.79307574,"[40.0,0.0,4.0,-0.2,0.0,0.0,4.0,4.0,-0.2,-0.2]":-0.015755164,"[40.0,4.0,4.0,0.0,4.0,4.0,4.0,4.0,0.0,0.0]":0.93855375,"[0.0,0.0,0.0,0.0,0.0,0.0,0.0,0.0,0.0,0.0]":-0.025998661,"[0.0,4.0,4.0,0.2,4.0,4.0,4.0,4.0,0.2,0.2]":0.62754864,"[0.0,4.0,0.0,0.2,4.0,4.0,0.0,0.0,0.2,0.2]":1.0585861,"[40.0,0.0,-4.0,-0.2,0.0,0.0,-4.0,-4.0,-0.2,-0.2]":0.44686225,"[40.0,0.0,0.0,0.2,0.0,0.0,0.0,0.0,0.2,0.2]":-0.6445122,"[0.0,-4.0,-4.0,0.0,-4.0,-4.0,-4.0,-4.0,0.0,0.0]":-0.46223843,"[20.0,0.0,0.0,-0.2,0.0,0.0,0.0,0.0,-0.2,-0.2]":0.5731765,"[20.0,4.0,4.0,0.2,4.0,4.0,4.0,4.0,0.2,0.2]":0.6273915,"[40.0,-4.0,0.0,0.0,-4.0,-4.0,0.0,0.0,0.0,0.0]":-0.9140542,"[0.0,0.0,4.0,0.0,0.0,0.0,4.0,4.0,0.0,0.0]":0.56758344,"[0.0,0.0,-4.0,0.2,0.0,0.0,-4.0,-4.0,0.2,0.2]":-0.61481774,"[20.0,-4.0,4.0,0.0,-4.0,-4.0,4.0,4.0,0.0,0.0]":-0.38581216,"[20.0,-4.0,0.0,0.2,-4.0,-4.0,0.0,0.0,0.2,0.2]":-1.0322446,"[0.0,4.0,0.0,0.0,4.0,4.0,0.0,0.0,0.0,0.0]":1.1952084,"[40.0,4.0,-4.0,0.0,4.0,4.0,-4.0,-4.0,0.0,0.0]":0.84442866,"[40.0,0.0,0.0,-0.2,0.0,0.0,0.0,0.0,-0.2,-0.2]":0.64092475,"[40.0,4.0,-4.0,-0.2,4.0,4.0,-4.0,-4.0,-0.2,-0.2]":0.8443435,"[20.0,4.0,4.0,0.0,4.0,4.0,4.0,4.0,0.0,0.0]":0.8043211,"[20.0,4.0,4.0,-0.2,4.0,4.0,4.0,4.0,-0.2,-0.2]":1.0946577,"[0.0,-4.0,0.0,0.2,-4.0,-4.0,0.0,0.0,0.2,0.2]":-1.1397094,"[40.0,4.0,0.0,0.0,4.0,4.0,0.0,0.0,0.0,0.0]":0.9310792,"[40.0,0.0,-4.0,0.0,0.0,0.0,-4.0,-4.0,0.0,0.0]":0.42574126,"[40.0,0.0,4.0,0.2,0.0,0.0,4.0,4.0,0.2,0.2]":0.15748177,"[20.0,4.0,0.0,0.2,4.0,4.0,0.0,0.0,0.2,0.2]":0.894973,"[0.0,0.0,4.0,-0.2,0.0,0.0,4.0,4.0,-0.2,-0.2]":0.6664035,"[20.0,-4.0,0.0,-0.2,-4.0,-4.0,0.0,0.0,-0.2,-0.2]":-0.7989997,"[0.0,4.0,-4.0,0.0,4.0,4.0,-4.0,-4.0,0.0,0.0]":-0.016389778,"[20.0,-4.0,-4.0,-0.2,-4.0,-4.0,-4.0,-4.0,-0.2,-0.2]":-0.16208608,"[20.0,-4.0,4.0,0.2,-4.0,-4.0,4.0,4.0,0.2,0.2]":-0.06252463,"[40.0,4.0,4.0,0.2,4.0,4.0,4.0,4.0,0.2,0.2]":0.7457484,"[0.0,0.0,0.0,0.2,0.0,0.0,0.0,0.0,0.2,0.2]":-0.0893752,"[0.0,0.0,0.0,-0.2,0.0,0.0,0.0,0.0,-0.2,-0.2]":0.035127096,"[20.0,0.0,4.0,-0.2,0.0,0.0,4.0,4.0,-0.2,-0.2]":0.60307,"[40.0,-4.0,4.0,0.2,-4.0,-4.0,4.0,4.0,0.2,0.2]":-0.77488464,"[0.0,-4.0,4.0,0.0,-4.0,-4.0,4.0,4.0,0.0,0.0]":-0.18927573,"[20.0,0.0,4.0,0.0,0.0,0.0,4.0,4.0,0.0,0.0]":0.56289583,"[20.0,0.0,0.0,0.2,0.0,0.0,0.0,0.0,0.2,0.2]":-0.5400122,"[0.0,-4.0,4.0,0.2,-4.0,-4.0,4.0,4.0,0.2,0.2]":0.013224544,"[20.0,-4.0,0.0,0.0,-4.0,-4.0,0.0,0.0,0.0,0.0]":-1.017685,"[20.0,4.0,-4.0,0.2,4.0,4.0,-4.0,-4.0,0.2,0.2]":0.78701437,"[40.0,-4.0,4.0,-0.2,-4.0,-4.0,4.0,4.0,-0.2,-0.2]":-0.81639725,"[40.0,4.0,0.0,0.2,4.0,4.0,0.0,0.0,0.2,0.2]":0.68005264,"[40.0,-4.0,0.0,-0.2,-4.0,-4.0,0.0,0.0,-0.2,-0.2]":-0.64866596,"[20.0,0.0,-4.0,0.2,0.0,0.0,-4.0,-4.0,0.2,0.2]":0.26385725,"[20.0,-4.0,-4.0,0.2,-4.0,-4.0,-4.0,-4.0,0.2,0.2]":-0.86155415,"[20.0,0.0,-4.0,0.0,0.0,0.0,-4.0,-4.0,0.0,0.0]":0.32885587,"[20.0,4.0,0.0,0.0,4.0,4.0,0.0,0.0,0.0,0.0]":0.9940244},"input_std":[[9.658718],[1.6472628],[1.0057625],[0.056519467],[1.6220148],[1.6142349],[0.9416039],[0.9927694],[0.055825092],[0.05553883]],"model_test_loss":0.021551968529820442,"input_size":10,"current_date_and_time":"2023-05-11_07-39-59","input_mean":[[16.59688],[0.024911802],[0.0138611905],[-0.0006300636],[0.022638123],[0.029737491],[0.007836653],[0.017246118],[-0.0005948547],[-0.0007093166]],"input_vars":["v_ego","lateral_accel","lateral_jerk","roll","lateral_accel_m03","lateral_accel_p03","lateral_jerk_m03","lateral_jerk_p03","roll_m03","roll_p03"],"output_size":1,"test_dict_zero_bias":{"[40.0,0.0,-4.0,0.2,0.0,0.0,-4.0,-4.0,0.2,0.2]":-0.27069882,"[40.0,-4.0,0.0,0.2,-4.0,-4.0,0.0,0.0,0.2,0.2]":-1.2774715,"[20.0,-4.0,4.0,-0.2,-4.0,-4.0,4.0,4.0,-0.2,-0.2]":-0.64423645,"[20.0,0.0,0.0,0.0,0.0,0.0,0.0,0.0,0.0,0.0]":-0.3036676,"[0.0,-4.0,0.0,0.0,-4.0,-4.0,0.0,0.0,0.0,0.0]":-1.2919972,"[0.0,4.0,-4.0,-0.2,4.0,4.0,-4.0,-4.0,-0.2,-0.2]":-0.43217874,"[40.0,4.0,-4.0,0.2,4.0,4.0,-4.0,-4.0,0.2,0.2]":0.47294196,"[40.0,0.0,0.0,0.0,0.0,0.0,0.0,0.0,0.0,0.0]":-0.41098106,"[40.0,-4.0,4.0,0.0,-4.0,-4.0,4.0,4.0,0.0,0.0]":-0.88707334,"[0.0,-4.0,-4.0,-0.2,-4.0,-4.0,-4.0,-4.0,-0.2,-0.2]":-0.37231576,"[0.0,-4.0,-4.0,0.2,-4.0,-4.0,-4.0,-4.0,0.2,0.2]":-1.0747874,"[0.0,-4.0,4.0,-0.2,-4.0,-4.0,4.0,4.0,-0.2,-0.2]":-0.8108393,"[0.0,4.0,-4.0,0.2,4.0,4.0,-4.0,-4.0,0.2,0.2]":0.28304613,"[0.0,4.0,4.0,-0.2,4.0,4.0,4.0,4.0,-0.2,-0.2]":0.86946636,"[20.0,4.0,-4.0,0.0,4.0,4.0,-4.0,-4.0,0.0,0.0]":0.21282761,"[0.0,0.0,-4.0,0.0,0.0,0.0,-4.0,-4.0,0.0,0.0]":-1.2199101,"[0.0,4.0,0.0,-0.2,4.0,4.0,0.0,0.0,-0.2,-0.2]":1.0905181,"[0.0,4.0,4.0,0.0,4.0,4.0,4.0,4.0,0.0,0.0]":0.52360183,"[20.0,4.0,0.0,-0.2,4.0,4.0,0.0,0.0,-0.2,-0.2]":0.96820545,"[40.0,-4.0,-4.0,0.2,-4.0,-4.0,-4.0,-4.0,0.2,0.2]":-1.0322646,"[0.0,0.0,4.0,0.2,0.0,0.0,4.0,4.0,0.2,0.2]":0.13810016,"[20.0,-4.0,-4.0,0.0,-4.0,-4.0,-4.0,-4.0,0.0,0.0]":-0.5959747,"[40.0,4.0,4.0,-0.2,4.0,4.0,4.0,4.0,-0.2,-0.2]":1.1225656,"[20.0,0.0,-4.0,-0.2,0.0,0.0,-4.0,-4.0,-0.2,-0.2]":-0.24439573,"[20.0,0.0,4.0,0.2,0.0,0.0,4.0,4.0,0.2,0.2]":0.25131553,"[40.0,4.0,0.0,-0.2,4.0,4.0,0.0,0.0,-0.2,-0.2]":0.83478355,"[0.0,0.0,-4.0,-0.2,0.0,0.0,-4.0,-4.0,-0.2,-0.2]":-1.02551,"[40.0,-4.0,-4.0,0.0,-4.0,-4.0,-4.0,-4.0,0.0,0.0]":-0.5737322,"[0.0,-4.0,0.0,-0.2,-4.0,-4.0,0.0,0.0,-0.2,-0.2]":-1.201814,"[40.0,-4.0,-4.0,-0.2,-4.0,-4.0,-4.0,-4.0,-0.2,-0.2]":-0.31801102,"[40.0,0.0,4.0,0.0,0.0,0.0,4.0,4.0,0.0,0.0]":0.3624611,"[20.0,4.0,-4.0,-0.2,4.0,4.0,-4.0,-4.0,-0.2,-0.2]":0.08761036,"[40.0,0.0,4.0,-0.2,0.0,0.0,4.0,4.0,-0.2,-0.2]":0.3269366,"[40.0,4.0,4.0,0.0,4.0,4.0,4.0,4.0,0.0,0.0]":0.6754234,"[0.0,0.0,0.0,0.0,0.0,0.0,0.0,0.0,0.0,0.0]":-0.3125926,"[0.0,4.0,4.0,0.2,4.0,4.0,4.0,4.0,0.2,0.2]":0.32193434,"[0.0,4.0,0.0,0.2,4.0,4.0,0.0,0.0,0.2,0.2]":1.0226259,"[40.0,0.0,-4.0,-0.2,0.0,0.0,-4.0,-4.0,-0.2,-0.2]":-0.2380215,"[40.0,0.0,0.0,0.2,0.0,0.0,0.0,0.0,0.2,0.2]":-0.9283967,"[0.0,-4.0,-4.0,0.0,-4.0,-4.0,-4.0,-4.0,0.0,0.0]":-0.6355059,"[20.0,0.0,0.0,-0.2,0.0,0.0,0.0,0.0,-0.2,-0.2]":0.035569347,"[20.0,4.0,4.0,0.2,4.0,4.0,4.0,4.0,0.2,0.2]":0.3434679,"[40.0,-4.0,0.0,0.0,-4.0,-4.0,0.0,0.0,0.0,0.0]":-1.2740165,"[0.0,0.0,4.0,0.0,0.0,0.0,4.0,4.0,0.0,0.0]":0.16453555,