{"test_dict":{"[0.0,0.0,0.0,0.0,0.0,0.0,0.0]":0.050905537,"[20.0,0.0,0.0,0.0,0.0,0.0,0.0]":-0.0022633113,"[20.0,0.0,0.2,0.0,0.0,0.0,0.0]":0.5206476,"[20.0,-4.0,0.2,0.0,0.0,0.0,0.0]":-0.7063898,"[20.0,4.0,0.2,0.0,0.0,0.0,0.0]":1.0369393,"[40.0,-4.0,-0.2,0.0,0.0,0.0,0.0]":-0.9996046,"[0.0,4.0,0.2,0.0,0.0,0.0,0.0]":1.0399003,"[0.0,-4.0,-0.2,0.0,0.0,0.0,0.0]":-1.0710876,"[40.0,-4.0,0.2,0.0,0.0,0.0,0.0]":-0.6423852,"[40.0,4.0,0.2,0.0,0.0,0.0,0.0]":0.9466295,"[0.0,-4.0,0.0,0.0,0.0,0.0,0.0]":-0.98191917,"[0.0,4.0,-0.2,0.0,0.0,0.0,0.0]":1.0388725,"[20.0,4.0,-0.2,0.0,0.0,0.0,0.0]":0.6630022,"[20.0,4.0,0.0,0.0,0.0,0.0,0.0]":0.9924544,"[0.0,0.0,-0.2,0.0,0.0,0.0,0.0]":-0.3681949,"[40.0,4.0,-0.2,0.0,0.0,0.0,0.0]":0.69202226,"[20.0,0.0,-0.2,0.0,0.0,0.0,0.0]":-0.47969934,"[0.0,4.0,0.0,0.0,0.0,0.0,0.0]":1.029261,"[20.0,-4.0,-0.2,0.0,0.0,0.0,0.0]":-1.0665207,"[0.0,0.0,0.2,0.0,0.0,0.0,0.0]":0.26887697,"[40.0,-4.0,0.0,0.0,0.0,0.0,0.0]":-0.9324112,"[40.0,0.0,-0.2,0.0,0.0,0.0,0.0]":-0.47563955,"[0.0,-4.0,0.2,0.0,0.0,0.0,0.0]":-0.92718565,"[40.0,0.0,0.2,0.0,0.0,0.0,0.0]":0.467805,"[40.0,0.0,0.0,0.0,0.0,0.0,0.0]":-0.019570619,"[40.0,4.0,0.0,0.0,0.0,0.0,0.0]":0.90148586,"[20.0,-4.0,0.0,0.0,0.0,0.0,0.0]":-0.9867232},"input_std":[[9.205616],[1.343234],[0.05230505],[0.21879087],[0.3036525],[0.45550814],[0.6302142]],"model_test_loss":0.019832797348499298,"input_size":7,"current_date_and_time":"2023-05-08_13-50-50","input_mean":[[19.448614],[0.082615905],[-0.0020723701],[0.0038979372],[0.004781649],[0.0054066116],[0.0035063263]],"input_vars":["v_ego","lateral_accel","roll","lateral_accel_delta_p03","lateral_accel_delta_p05","lateral_accel_delta_p09","lateral_accel_delta_p17"],"output_size":1,"test_dict_zero_bias":{"[0.0,0.0,0.0,0.0,0.0,0.0,0.0]":0.19339341,"[20.0,0.0,0.0,0.0,0.0,0.0,0.0]":-0.24969801,"[20.0,0.0,0.2,0.0,0.0,0.0,0.0]":0.49106237,"[20.0,-4.0,0.2,0.0,0.0,0.0,0.0]":-0.89275575,"[20.0,4.0,0.2,0.0,0.0,0.0,0.0]":0.98647726,"[40.0,-4.0,-0.2,0.0,0.0,0.0,0.0]":-1.3155942,"[0.0,4.0,0.2,0.0,0.0,0.0,0.0]":0.9975,"[0.0,-4.0,-0.2,0.0,0.0,0.0,0.0]":-1.137689,"[40.0,-4.0,0.2,0.0,0.0,0.0,0.0]":-0.8179614,"[40.0,4.0,0.2,0.0,0.0,0.0,0.0]":1.0746455,"[0.0,-4.0,0.0,0.0,0.0,0.0,0.0]":-1.2442732,"[0.0,4.0,-0.2,0.0,0.0,0.0,0.0]":1.1496621,"[20.0,4.0,-0.2,0.0,0.0,0.0,0.0]":0.7774645,"[20.0,4.0,0.0,0.0,0.0,0.0,0.0]":1.0336564,"[0.0,0.0,-0.2,0.0,0.0,0.0,0.0]":-0.6196771,"[40.0,4.0,-0.2,0.0,0.0,0.0,0.0]":0.69917536,"[20.0,0.0,-0.2,0.0,0.0,0.0,0.0]":-0.91655284,"[0.0,4.0,0.0,0.0,0.0,0.0,0.0]":1.1314579,"[20.0,-4.0,-0.2,0.0,0.0,0.0,0.0]":-1.3049538,"[0.0,0.0,0.2,0.0,0.0,0.0,0.0]":0.18684691,"[40.0,-4.0,0.0,0.0,0.0,0.0,0.0]":-1.2573036,"[40.0,0.0,-0.2,0.0,0.0,0.0,0.0]":-0.83143705,"[0.0,-4.0,0.2,0.0,0.0,0.0,0.0]":-0.9370075,"[40.0,0.0,0.2,0.0,0.0,0.0,0.0]":0.29016536,"[40.0,0.0,0.0,0.0,0.0,0.0,0.0]":-0.29285675,"[40.0,4.0,0.0,0.0,0.0,0.0,0.0]":1.0471145,"[20.0,-4.0,0.0,0.0,0.0,0.0,0.0]":-1.2870798},"layers":[{"dense_1_b":[[-0.42669433],[0.29620013],[-0.34093815],[0.57674223],[0.9494092],[1.5004284],[-0.29748183],[-0.16910473]],"dense_1_W":[[0.47876757,-1.2703893,-0.42006862,0.18153448,0.026776673,0.1512473,0.022303091],[0.3916414,9.460639,-0.013036633,-1.3253775,-0.16068393,-0.32679054,0.48830068],[0.4400176,1.2180463,0.6933423,-0.12480413,-0.07128931,0.11875707,-0.16354528],[0.37804598,0.11593579,0.09473344,2.20453,-0.05966316,-0.5862334,0.26982594],[1.4501255,-0.77741146,-0.22291358,-2.564291,0.010931127,0.26840493,0.12389193],[-0.97404325,1.3414092,1.6646692,-0.5279482,0.04902989,-0.03628575,0.3590651],[4.3782347e-6,-1.2268686,0.020137548,0.10471699,-0.06868557,-0.0627781,-0.17992629],[-0.26877487,-0.46729037,-0.37113592,8.405523,2.9658797,3.4226365,-3.8361359]],"activation":"σ"},{"dense_2_W":[[-1.8963809,0.30029157,1.1381084,0.31432572,-0.34414566,0.2978345,-1.2775421,0.2088565],[0.73718894,-4.020395,-0.4002054,-1.7686827,0.18462528,-2.5593333,0.111378185,0.9637157],[-1.7448794,-0.46133345,-4.0551147,-1.5334141,-4.2299647,1.844688,-1.3166795,0.3223462],[0.43813115,1.0343789,-1.1240795,-2.4956877,-1.1810536,-0.10288659,-2.576523,-1.1059837],[-0.23506443,0.9380965,-2.3763263,-2.1005764,0.34743333,-1.1242009,0.47685015,-1.400128],[1.5324831,-0.1776909,-1.6378794,-0.68754673,0.390764,0.3800537,1.2833637,-0.7765979],[-2.701729,-3.11547,-0.23981604,-0.43028283,-1.8594257,-0.19625847,-0.15006623,-1.2772828],[-1.8941549,-0.9543198,-0.40530726,-1.2207316,-0.8806879,-0.35393873,-1.2628129,-1.2466017],[0.7164449,-0.43262073,-1.4661181,-0.9674976,-0.4145839,-0.97514814,0.5021137,-1.9195151],[-1.8945488,-1.3375449,0.68333715,-1.1648115,-1.1193457,-0.4974017,-1.4380053,-1.34543],[-1.1285102,0.15312508,0.43113062,-0.8621239,-1.5574648,0.4499238,-2.3732803,0.01804452],[-0.2528756,-3.030938,-2.3045874,-5.239338,-0.59224683,-6.005406,0.99090606,-1.990686],[-0.1847725,-2.3261273,0.42433402,-1.0357937,-0.075170405,-1.0960405,-0.09365921,-0.48763403],[-0.0077237403,-1.0893804,2.9486074,-0.19837125,-1.9250232,0.9232589,-4.1783566,-0.63455045],[-2.9312794,-2.7408717,-3.8934317,-2.314168,-3.0177681,1.6335486,0.9104013,0.89471483],[-1.2279972,0.7050263,0.46391514,-0.21937005,-0.7328818,0.106976114,-1.3677648,0.29719847]],"activation":"σ",