{"test_dict":{"[40.0,0.0,0.0,-0.2,0.0,0.0,0.0,-0.2,-0.2,-0.2]":0.5136364,"[0.0,0.0,-4.0,0.2,1.2,-1.2,-3.2,0.2,0.2,0.2]":-0.97256315,"[40.0,-4.0,4.0,0.0,-5.2,-2.8,-0.7999999999999998,0.0,0.0,0.0]":-0.63132757,"[20.0,0.0,0.0,0.0,0.0,0.0,0.0,0.0,0.0,0.0]":-0.0016340762,"[40.0,0.0,0.0,0.0,0.0,0.0,0.0,0.0,0.0,0.0]":0.0011368375,"[40.0,0.0,0.0,0.2,0.0,0.0,0.0,0.2,0.2,0.2]":-0.5127053,"[20.0,4.0,4.0,0.0,2.8,5.2,7.2,0.0,0.0,0.0]":0.9570343,"[20.0,4.0,0.0,-0.2,4.0,4.0,4.0,-0.2,-0.2,-0.2]":0.9244002,"[20.0,4.0,0.0,0.0,4.0,4.0,4.0,0.0,0.0,0.0]":0.9062439,"[20.0,-4.0,-4.0,0.0,-2.8,-5.2,-7.2,0.0,0.0,0.0]":-0.96014,"[0.0,-4.0,-4.0,0.2,-2.8,-5.2,-7.2,0.2,0.2,0.2]":-0.96209085,"[40.0,4.0,-4.0,0.0,5.2,2.8,0.7999999999999998,0.0,0.0,0.0]":0.638416,"[40.0,-4.0,-4.0,-0.2,-2.8,-5.2,-7.2,-0.2,-0.2,-0.2]":-0.9310639,"[40.0,4.0,4.0,0.0,2.8,5.2,7.2,0.0,0.0,0.0]":0.95581853,"[20.0,4.0,-4.0,0.0,5.2,2.8,0.7999999999999998,0.0,0.0,0.0]":0.6443521,"[20.0,0.0,-4.0,-0.2,1.2,-1.2,-3.2,-0.2,-0.2,-0.2]":-0.5171388,"[20.0,0.0,4.0,0.2,-1.2,1.2,3.2,0.2,0.2,0.2]":0.5397558,"[0.0,4.0,4.0,0.0,2.8,5.2,7.2,0.0,0.0,0.0]":0.9581473,"[0.0,4.0,0.0,0.0,4.0,4.0,4.0,0.0,0.0,0.0]":0.90810996,"[0.0,0.0,-4.0,0.0,1.2,-1.2,-3.2,0.0,0.0,0.0]":-0.94620144,"[20.0,-4.0,0.0,-0.2,-4.0,-4.0,-4.0,-0.2,-0.2,-0.2]":-0.8458872,"[0.0,0.0,4.0,0.2,-1.2,1.2,3.2,0.2,0.2,0.2]":0.6462578,"[20.0,-4.0,0.0,0.0,-4.0,-4.0,-4.0,0.0,0.0,0.0]":-0.91252804,"[0.0,0.0,0.0,0.0,0.0,0.0,0.0,0.0,0.0,0.0]":-0.0041641872,"[20.0,0.0,4.0,-0.2,-1.2,1.2,3.2,-0.2,-0.2,-0.2]":0.9048721,"[40.0,-4.0,4.0,0.2,-5.2,-2.8,-0.7999999999999998,0.2,0.2,0.2]":-0.6775412,"[0.0,4.0,0.0,-0.2,4.0,4.0,4.0,-0.2,-0.2,-0.2]":0.92610246,"[0.0,-4.0,4.0,0.0,-5.2,-2.8,-0.7999999999999998,0.0,0.0,0.0]":-0.6344119,"[0.0,0.0,4.0,0.0,-1.2,1.2,3.2,0.0,0.0,0.0]":0.9455185,"[20.0,-4.0,4.0,-0.2,-5.2,-2.8,-0.7999999999999998,-0.2,-0.2,-0.2]":-0.31275606,"[0.0,0.0,0.0,0.2,0.0,0.0,0.0,0.2,0.2,0.2]":-0.34995243,"[0.0,4.0,-4.0,0.0,5.2,2.8,0.7999999999999998,0.0,0.0,0.0]":0.64999926,"[40.0,-4.0,-4.0,0.0,-2.8,-5.2,-7.2,0.0,0.0,0.0]":-0.9597075,"[40.0,-4.0,0.0,-0.2,-4.0,-4.0,-4.0,-0.2,-0.2,-0.2]":-0.8207599,"[20.0,-4.0,0.0,0.2,-4.0,-4.0,-4.0,0.2,0.2,0.2]":-0.92926997,"[20.0,-4.0,4.0,0.2,-5.2,-2.8,-0.7999999999999998,0.2,0.2,0.2]":-0.6787947,"[0.0,-4.0,-4.0,-0.2,-2.8,-5.2,-7.2,-0.2,-0.2,-0.2]":-0.9606472,"[0.0,-4.0,4.0,-0.2,-5.2,-2.8,-0.7999999999999998,-0.2,-0.2,-0.2]":-0.3461976,"[20.0,0.0,-4.0,0.2,1.2,-1.2,-3.2,0.2,0.2,0.2]":-0.8886078,"[20.0,-4.0,4.0,0.0,-5.2,-2.8,-0.7999999999999998,0.0,0.0,0.0]":-0.63363874,"[0.0,0.0,-4.0,-0.2,1.2,-1.2,-3.2,-0.2,-0.2,-0.2]":-0.60041714,"[0.0,-4.0,0.0,0.2,-4.0,-4.0,-4.0,0.2,0.2,0.2]":-0.92963314,"[0.0,0.0,4.0,-0.2,-1.2,1.2,3.2,-0.2,-0.2,-0.2]":1.010807,"[20.0,-4.0,-4.0,-0.2,-2.8,-5.2,-7.2,-0.2,-0.2,-0.2]":-0.94853103,"[20.0,0.0,0.0,-0.2,0.0,0.0,0.0,-0.2,-0.2,-0.2]":0.55945784,"[20.0,0.0,4.0,0.0,-1.2,1.2,3.2,0.0,0.0,0.0]":0.8588014,"[40.0,0.0,-4.0,-0.2,1.2,-1.2,-3.2,-0.2,-0.2,-0.2]":-0.50731766,"[40.0,4.0,0.0,0.2,4.0,4.0,4.0,0.2,0.2,0.2]":0.81093895,"[0.0,4.0,4.0,-0.2,2.8,5.2,7.2,-0.2,-0.2,-0.2]":0.9612489,"[40.0,4.0,0.0,0.0,4.0,4.0,4.0,0.0,0.0,0.0]":0.9038183,"[0.0,4.0,-4.0,-0.2,5.2,2.8,0.7999999999999998,-0.2,-0.2,-0.2]":0.6954706,"[40.0,-4.0,-4.0,0.2,-2.8,-5.2,-7.2,0.2,0.2,0.2]":-0.96193314,"[20.0,0.0,0.0,0.2,0.0,0.0,0.0,0.2,0.2,0.2]":-0.5787697,"[40.0,-4.0,0.0,0.0,-4.0,-4.0,-4.0,0.0,0.0,0.0]":-0.9099858,"[20.0,4.0,-4.0,0.2,5.2,2.8,0.7999999999999998,0.2,0.2,0.2]":0.33004093,"[40.0,0.0,4.0,0.0,-1.2,1.2,3.2,0.0,0.0,0.0]":0.838755,"[40.0,4.0,-4.0,0.2,5.2,2.8,0.7999999999999998,0.2,0.2,0.2]":0.30623022,"[40.0,4.0,-4.0,-0.2,5.2,2.8,0.7999999999999998,-0.2,-0.2,-0.2]":0.67978865,"[40.0,4.0,4.0,0.2,2.8,5.2,7.2,0.2,0.2,0.2]":0.9296756,"[40.0,-4.0,0.0,0.2,-4.0,-4.0,-4.0,0.2,0.2,0.2]":-0.92745584,"[20.0,4.0,-4.0,-0.2,5.2,2.8,0.7999999999999998,-0.2,-0.2,-0.2]":0.6881524,"[20.0,4.0,0.0,0.2,4.0,4.0,4.0,0.2,0.2,0.2]":0.83729225,"[0.0,0.0,0.0,-0.2,0.0,0.0,0.0,-0.2,-0.2,-0.2]":0.3626385,"[20.0,0.0,-4.0,0.0,1.2,-1.2,-3.2,0.0,0.0,0.0]":-0.84023124,"[0.0,4.0,0.0,0.2,4.0,4.0,4.0,0.2,0.2,0.2]":0.8449356,"[40.0,0.0,-4.0,0.2,1.2,-1.2,-3.2,0.2,0.2,0.2]":-0.9085949,"[40.0,4.0,4.0,-0.2,2.8,5.2,7.2,-0.2,-0.2,-0.2]":0.9595555,"[40.0,0.0,4.0,-0.2,-1.2,1.2,3.2,-0.2,-0.2,-0.2]":0.92785436,"[0.0,4.0,4.0,0.2,2.8,5.2,7.2,0.2,0.2,0.2]":0.9464638,"[20.0,4.0,4.0,0.2,2.8,5.2,7.2,0.2,0.2,0.2]":0.9440588,"[0.0,4.0,-4.0,0.2,5.2,2.8,0.7999999999999998,0.2,0.2,0.2]":0.3781209,"[0.0,-4.0,0.0,-0.2,-4.0,-4.0,-4.0,-0.2,-0.2,-0.2]":-0.86275643,"[40.0,-4.0,4.0,-0.2,-5.2,-2.8,-0.7999999999999998,-0.2,-0.2,-0.2]":-0.30806032,"[20.0,-4.0,-4.0,0.2,-2.8,-5.2,-7.2,0.2,0.2,0.2]":-0.96235704,"[0.0,-4.0,4.0,0.2,-5.2,-2.8,-0.7999999999999998,0.2,0.2,0.2]":-0.6782402,"[40.0,0.0,-4.0,0.0,1.2,-1.2,-3.2,0.0,0.0,0.0]":-0.83226997,"[40.0,0.0,4.0,0.2,-1.2,1.2,3.2,0.2,0.2,0.2]":0.5078437,"[0.0,-4.0,-4.0,0.0,-2.8,-5.2,-7.2,0.0,0.0,0.0]":-0.9597791,"[40.0,4.0,0.0,-0.2,4.0,4.0,4.0,-0.2,-0.2,-0.2]":0.9222393,"[20.0,4.0,4.0,-0.2,2.8,5.2,7.2,-0.2,-0.2,-0.2]":0.96043104,"[0.0,-4.0,0.0,0.0,-4.0,-4.0,-4.0,0.0,0.0,0.0]":-0.9134076},"input_std":[[8.8522415],[1.5566015],[2.56515],[0.029489638],[1.5095816],[1.5498434],[1.4728872],[0.029490989],[0.029392341],[0.029127108]],"model_test_loss":0.011452151462435722,"input_size":10,"current_date_and_time":"2023-05-24_22-49-28","input_mean":[[16.388012],[-0.09360476],[0.008306622],[0.00015519743],[-0.073492326],[-0.093355566],[-0.085691415],[0.0002711218],[0.00012080896],[-8.8198685e-5]],"input_vars":["v_ego","lateral_accel","lateral_jerk","roll","lateral_accel_m03","lateral_accel_p03","lateral_accel_p08","roll_m03","roll_p03","roll_p08"],"output_size":1,"test_dict_zero_bias":{"[40.0,0.0,0.0,-0.2,0.0,0.0,0.0,-0.2,-0.2,-0.2]":0.5613479,"[0.0,0.0,-4.0,0.2,1.2,-1.2,-3.2,0.2,0.2,0.2]":-1.0588738,"[40.0,-4.0,4.0,0.0,-5.2,-2.8,-0.7999999999999998,0.0,0.0,0.0]":-0.57952327,"[20.0,0.0,0.0,0.0,0.0,0.0,0.0,0.0,0.0,0.0]":0.40682277,"[40.0,0.0,0.0,0.0,0.0,0.0,0.0,0.0,0.0,0.0]":0.38458294,"[40.0,0.0,0.0,0.2,0.0,0.0,0.0,0.2,0.2,0.2]":-0.07772441,"[20.0,4.0,4.0,0.0,2.8,5.2,7.2,0.0,0.0,0.0]":0.8821624,"[20.0,4.0,0.0,-0.2,4.0,4.0,4.0,-0.2,-0.2,-0.2]":0.8599696,"[20.0,4.0,0.0,0.0,4.0,4.0,4.0,0.0,0.0,0.0]":0.8476824,"[20.0,-4.0,-4.0,0.0,-2.8,-5.2,-7.2,0.0,0.0,0.0]":-1.068207,"[0.0,-4.0,-4.0,0.2,-2.8,-5.2,-7.2,0.2,0.2,0.2]":-1.0717795,"[40.0,4.0,-4.0,0.0,5.2,2.8,0.7999999999999998,0.0,0.0,0.0]":0.6393959,"[40.0,-4.0,-4.0,-0.2,-2.8,-5.2,-7.2,-0.2,-0.2,-0.2]":-0.9833475,"[40.0,4.0,4.0,0.0,2.8,5.2,7.2,0.0,0.0,0.0]":0.8815797,"[20.0,4.0,-4.0,0.0,5.2,2.8,0.7999999999999998,0.0,0.0,0.0]":0.6409481,"[20.0,0.0,-4.0,-0.2,1.2,-1.2,-3.2,-0.2,-0.2,-0.2]":-0.40076426,"[20.0,0.0,4.0,0.2,-1.2,1.2,3.2,0.2,0.2,0.2]":0.6778785,"[0.0,4.0,4.0,0.0,2.8,5.2,7.2,0.0,0.0,0.0]":0.88275987,"[0.0,4.0,0.0,0.0,4.0,4.0,4.0,0.0,0.0,0.0]":0.84808344,"[0.0,0.0,-4.0,0.0,1.2,-1.2,-3.2,0.0,0.0,0.0]":-0.93271506,"[20.0,-4.0,0.0,-0.2,-4.0,-4.0,-4.0,-0.2,-0.2,-0.2]":-0.8177088,"[0.0,0.0,4.0,0.2,-1.2,1.2,3.2,0.2,0.2,0.2]":0.7410791,"[20.0,-4.0,0.0,0.0,-4.0,-4.0,-4.0,0.0,0.0,0.0]":-0.98825383,"[0.0,0.0,0.0,0.0,0.0,0.0,0.0,0.0,0.0,0.0]":0.43603376,"[20.0,0.0,4.0,-0.2,-1.2,1.2,3.2,-0.2,-0.2,-0.2]":0.8611752,"[40.0,-4.0,4.0,0.2,-5.2,-2.8,-0.7999999999999998,0.2,0.2,0.2]":-0.64736694,"[0.0,4.0,0.0,-0.2,4.0,4.0,4.0,-0.2,-0.2,-0.2]":0.8605004,"[0.0,-4.0,4.0,0.0,-5.2,-2.8,-0.7999999999999998,0.0,0.0,0.0]":-0.56949645,"[0.0,0.0,4.0,0.0,-1.2,1.2,3.2,0.0,0.0,0.0]":0.88892347,"[20.0,-4.0,4.0,-0.2,-5.2,-2.8,-0.7999999999999998,-0.2,-0.2,-0.2]":-0.090882614,"[0.0,0.0,0.0,0.2,0.0,0.0,0.0,0.2,0.2,0.2]":-0.095048875,"[0.0,4.0,-4.0,0.0,5.2,2.8,0.7999999999999998,0.0,0.0,0.0]":0.6421447,"[40.0,-4.0,-4.0,0.0,-2.8,-5.2,-7.2,0.0,0.0,0.0]":-1.0685006,"[40.0,-4.0,0.0,-0.2,-4.0,-4.0,-4.0,-0.2,-0.2,-0.2]":-0.78799146,"[20.0,-4.0,0.0,0.2,-4.0,-4.0,-4.0,0.2,0.2,0.2]":-1.0166337,"[20.0,-4.0,4.0,0.2,-5.2,-2.8,-0.7999999999999998,0.2,0.2,0.2]":-0.64231575,