{"test_dict":{"[20.0, -4.0, 0.0, -0.2]":-0.83912605,"[0.0, -4.0, 3.0, -0.2]":-0.61939585,"[20.0, 0.0, 3.0, 0.2]":0.7392991,"[20.0, 4.0, 0.0, 0.0]":0.9819465,"[40.0, 0.0, 0.0, 0.0]":0.1554548,"[40.0, -4.0, 0.0, 0.0]":-0.9719809,"[0.0, 0.0, 0.0, 0.2]":0.30890948,"[40.0, 4.0, -3.0, 0.0]":0.82129717,"[20.0, 0.0, 3.0, -0.2]":-0.05909717,"[0.0, -4.0, 0.0, -0.2]":-0.8362636,"[0.0, 4.0, -3.0, 0.2]":0.61073655,"[20.0, 4.0, -3.0, -0.2]":0.47941446,"[20.0, 4.0, 0.0, -0.2]":0.7644531,"[40.0, 4.0, 0.0, 0.0]":0.9968938,"[20.0, -4.0, -3.0, -0.2]":-1.0185189,"[0.0, 4.0, 3.0, -0.2]":0.9739425,"[20.0, 4.0, -3.0, 0.2]":0.63597745,"[40.0, 0.0, 3.0, -0.2]":-0.069003515,"[40.0, 4.0, 0.0, -0.2]":0.661372,"[0.0, -4.0, 0.0, 0.2]":-0.80210954,"[0.0, 0.0, -3.0, 0.0]":-0.39233127,"[0.0, 0.0, -3.0, 0.2]":0.040299103,"[20.0, 0.0, -3.0, -0.2]":-0.6725661,"[0.0, 4.0, -3.0, -0.2]":0.48398972,"[40.0, -4.0, -3.0, 0.0]":-1.0687474,"[40.0, 4.0, 3.0, 0.2]":1.0692337,"[20.0, 4.0, 3.0, 0.2]":1.0735044,"[0.0, 0.0, 0.0, 0.0]":-0.010089294,"[0.0, 4.0, 0.0, -0.2]":0.8868105,"[0.0, 4.0, 0.0, 0.0]":0.9246817,"[40.0, 4.0, -3.0, 0.2]":0.6689174,"[20.0, -4.0, 3.0, 0.2]":-0.45538902,"[0.0, 0.0, -3.0, -0.2]":-0.63995767,"[0.0, -4.0, -3.0, 0.0]":-1.0312878,"[20.0, 4.0, 3.0, 0.0]":1.1424893,"[40.0, 0.0, 0.0, -0.2]":-0.428821,"[40.0, 0.0, 3.0, 0.2]":0.74724925,"[0.0, 0.0, 3.0, -0.2]":-0.020558849,"[40.0, -4.0, 3.0, 0.0]":-0.71452755,"[0.0, 0.0, 0.0, -0.2]":-0.33378166,"[20.0, 4.0, 3.0, -0.2]":0.85981345,"[0.0, -4.0, 3.0, 0.0]":-0.71829474,"[40.0, -4.0, -3.0, -0.2]":-0.9840496,"[40.0, -4.0, -3.0, 0.2]":-0.76296014,"[40.0, 0.0, 0.0, 0.2]":0.47358006,"[0.0, 4.0, 3.0, 0.0]":1.050358,"[40.0, 4.0, -3.0, -0.2]":0.57500166,"[0.0, -4.0, -3.0, -0.2]":-1.0438535,"[0.0, -4.0, 3.0, 0.2]":-0.4552056,"[20.0, 4.0, -3.0, 0.0]":0.7868091,"[40.0, 0.0, 3.0, 0.0]":0.27381176,"[40.0, -4.0, 0.0, -0.2]":-0.8224271,"[40.0, -4.0, 3.0, 0.2]":-0.4695712,"[20.0, -4.0, -3.0, 0.0]":-1.073274,"[20.0, -4.0, 3.0, 0.0]":-0.7413314,"[40.0, 0.0, -3.0, 0.2]":0.119322136,"[20.0, 0.0, -3.0, 0.0]":-0.16938092,"[40.0, 0.0, -3.0, -0.2]":-0.64521617,"[40.0, 4.0, 0.0, 0.2]":0.88252884,"[0.0, -4.0, 0.0, 0.0]":-0.9366699,"[20.0, -4.0, 3.0, -0.2]":-0.59006864,"[20.0, 0.0, 3.0, 0.0]":0.20920476,"[20.0, 4.0, 0.0, 0.2]":0.8403184,"[40.0, 4.0, 3.0, -0.2]":0.74882907,"[20.0, 0.0, 0.0, -0.2]":-0.41886687,"[40.0, 4.0, 3.0, 0.0]":1.1384897,"[40.0, -4.0, 0.0, 0.2]":-0.7019537,"[20.0, 0.0, 0.0, 0.2]":0.41084427,"[0.0, 0.0, 3.0, 0.2]":0.6471161,"[0.0, -4.0, -3.0, 0.2]":-0.86643964,"[0.0, 4.0, 0.0, 0.2]":0.81347626,"[0.0, 4.0, -3.0, 0.0]":0.69106925,"[20.0, -4.0, -3.0, 0.2]":-0.72240376,"[40.0, -4.0, 3.0, -0.2]":-0.5742323,"[20.0, 0.0, -3.0, 0.2]":0.09966119,"[20.0, 0.0, 0.0, 0.0]":-0.023695648,"[20.0, -4.0, 0.0, 0.2]":-0.72712034,"[40.0, 0.0, -3.0, 0.0]":-0.0879295,"[20.0, -4.0, 0.0, 0.0]":-0.994039,"[0.0, 0.0, 3.0, 0.0]":0.49467385,"[0.0, 4.0, 3.0, 0.2]":1.047279},"input_std":[[9.60054],[1.3487797],[1.0325646],[0.046092276]],"model_test_loss":0.038869675,"input_size":4,"current_date_and_time":"2023-04-13_20-51-48","input_mean":[[16.989788],[0.017064046],[0.010695424],[0.0018292319]],"output_size":1,"test_dict_zero_bias":{"[20.0, -4.0, 0.0, -0.2]":-0.71383584,"[0.0, -4.0, 3.0, -0.2]":-0.5006056,"[20.0, 0.0, 3.0, 0.2]":0.8501253,"[20.0, 4.0, 0.0, 0.0]":1.1131723,"[40.0, 0.0, 0.0, 0.0]":0.28436166,"[40.0, -4.0, 0.0, 0.0]":-0.8600179,"[0.0, 0.0, 0.0, 0.2]":0.56328636,"[40.0, 4.0, -3.0, 0.0]":0.9218392,"[20.0, 0.0, 3.0, -0.2]":0.16329648,"[0.0, -4.0, 0.0, -0.2]":-0.73523587,"[0.0, 4.0, -3.0, 0.2]":0.7240871,"[20.0, 4.0, -3.0, -0.2]":0.66040164,"[20.0, 4.0, 0.0, -0.2]":0.86060154,"[40.0, 4.0, 0.0, 0.0]":1.0861661,"[20.0, -4.0, -3.0, -0.2]":-0.9379472,"[0.0, 4.0, 3.0, -0.2]":1.0049976,"[20.0, 4.0, -3.0, 0.2]":0.74599016,"[40.0, 0.0, 3.0, -0.2]":0.1885918,"[40.0, 4.0, 0.0, -0.2]":0.8495952,"[0.0, -4.0, 0.0, 0.2]":-0.5669446,"[0.0, 0.0, -3.0, 0.0]":-0.1082762,"[0.0, 0.0, -3.0, 0.2]":0.2881313,"[20.0, 0.0, -3.0, -0.2]":-0.5891583,"[0.0, 4.0, -3.0, -0.2]":0.6508403,"[40.0, -4.0, -3.0, 0.0]":-0.9515746,"[40.0, 4.0, 3.0, 0.2]":1.1973064,"[20.0, 4.0, 3.0, 0.2]":1.1785157,"[0.0, 0.0, 0.0, 0.0]":0.18831573,"[0.0, 4.0, 0.0, -0.2]":0.9748978,"[0.0, 4.0, 0.0, 0.0]":1.0980817,"[40.0, 4.0, -3.0, 0.2]":0.7760434,"[20.0, -4.0, 3.0, 0.2]":-0.21660864,"[0.0, 0.0, -3.0, -0.2]":-0.6081591,"[0.0, -4.0, -3.0, 0.0]":-0.9865904,"[20.0, 4.0, 3.0, 0.0]":1.2499073,"[40.0, 0.0, 0.0, -0.2]":-0.21443425,"[40.0, 0.0, 3.0, 0.2]":0.84464574,"[0.0, 0.0, 3.0, -0.2]":0.15488124,"[40.0, -4.0, 3.0, 0.0]":-0.57072836,"[0.0, 0.0, 0.0, -0.2]":-0.24258125,"[20.0, 4.0, 3.0, -0.2]":0.8761562,"[0.0, -4.0, 3.0, 0.0]":-0.622,"[40.0, -4.0, -3.0, -0.2]":-0.9033521,"[40.0, -4.0, -3.0, 0.2]":-0.7591473,"[40.0, 0.0, 0.0, 0.2]":0.5708988,"[0.0, 4.0, 3.0, 0.0]":1.208187,"[40.0, 4.0, -3.0, -0.2]":0.68915164,"[0.0, -4.0, -3.0, -0.2]":-0.95925456,"[0.0, -4.0, 3.0, 0.2]":-0.31954837,"[20.0, 4.0, -3.0, 0.0]":0.8933742,"[40.0, 0.0, 3.0, 0.0]":0.62308496,"[40.0, -4.0, 0.0, -0.2]":-0.71373713,"[40.0, -4.0, 3.0, 0.2]":-0.26438653,"[20.0, -4.0, -3.0, 0.0]":-0.99865556,"[20.0, -4.0, 3.0, 0.0]":-0.63747823,"[40.0, 0.0, -3.0, 0.2]":0.3003346,"[20.0, 0.0, -3.0, 0.0]":0.1208739,"[40.0, 0.0, -3.0, -0.2]":-0.5222677,"[40.0, 4.0, 0.0, 0.2]":0.98173976,"[0.0, -4.0, 0.0, 0.0]":-0.8422146,"[20.0, -4.0, 3.0, -0.2]":-0.46508542,"[20.0, 0.0, 3.0, 0.0]":0.34098387,"[20.0, 4.0, 0.0, 0.2]":0.9492494,"[40.0, 4.0, 3.0, -0.2]":0.9484149,"[20.0, 0.0, 0.0, -0.2]":-0.2172074,"[40.0, 4.0, 3.0, 0.0]":1.217171,"[40.0, -4.0, 0.0, 0.2]":-0.68171716,"[20.0, 0.0, 0.0, 0.2]":0.5569643,"[0.0, 0.0, 3.0, 0.2]":0.80661166,"[0.0, -4.0, -3.0, 0.2]":-0.6364982,"[0.0, 4.0, 0.0, 0.2]":0.9421504,"[0.0, 4.0, -3.0, 0.0]":0.8437523,"[20.0, -4.0, -3.0, 0.2]":-0.5920665,"[40.0, -4.0, 3.0, -0.2]":-0.44023424,"[20.0, 0.0, -3.0, 0.2]":0.30307966,"[20.0, 0.0, 0.0, 0.0]":0.18798974,"[20.0, -4.0, 0.0, 0.2]":-0.5888997,"[40.0, 0.0, -3.0, 0.0]":-0.09821352,"[20.0, -4.0, 0.0, 0.0]":-0.88417363,"[0.0, 0.0, 3.0, 0.0]":0.52921116,"[0.0, 4.0, 3.0, 0.2]":1.1466303},"layers":[{"dense_1_b":[[-1.703893],[0.07878358],[-0.042227294],[-1.573322],[-0.5518329],[-0.6632317],[0.059990495],[-1.3346152]],"dense_1_W":[[1.2216865,1.4194669,-0.27531198,1.3341019],[0.12438849,3.4110162,0.24987677,-0.73023766],[-0.2349288,-0.5497527,-0.43429312,0.44729352],[0.8853958,-1.5356514,0.30500442,-1.0607158],[2.3590114,-0.0858078,0.51237273,-1.8787137],[-0.553733,-0.38829964,-3.9209702,0.011165347],[0.065249704,4.8030753,-1.1450508,1.4215306],[-0.86151123,-0.0628683,1.8441199,-0.21860178]],