{"test_dict":{"[20.0, -4.0, 0.0, -0.2]":-0.62142503,"[0.0, -4.0, 3.0, -0.2]":-0.56237054,"[20.0, 0.0, 3.0, 0.2]":0.8046098,"[20.0, 4.0, 0.0, 0.0]":0.9699115,"[40.0, 0.0, 0.0, 0.0]":0.053495213,"[40.0, -4.0, 0.0, 0.0]":-0.97088915,"[0.0, 0.0, 0.0, 0.2]":0.42176315,"[40.0, 4.0, -3.0, 0.0]":0.8043447,"[20.0, 0.0, 3.0, -0.2]":-0.481183,"[0.0, -4.0, 0.0, -0.2]":-0.79028475,"[0.0, 4.0, -3.0, 0.2]":0.52264726,"[20.0, 4.0, -3.0, -0.2]":0.45511425,"[20.0, 4.0, 0.0, -0.2]":0.72496945,"[40.0, 4.0, 0.0, 0.0]":1.069053,"[20.0, -4.0, -3.0, -0.2]":-1.0113164,"[0.0, 4.0, 3.0, -0.2]":0.7173183,"[20.0, 4.0, -3.0, 0.2]":0.39189866,"[40.0, 0.0, 3.0, -0.2]":-0.49280226,"[40.0, 4.0, 0.0, -0.2]":0.81837165,"[0.0, -4.0, 0.0, 0.2]":-0.8021971,"[0.0, 0.0, -3.0, 0.0]":-0.55188954,"[0.0, 0.0, -3.0, 0.2]":0.2272648,"[20.0, 0.0, -3.0, -0.2]":-0.8115894,"[0.0, 4.0, -3.0, -0.2]":0.5710613,"[40.0, -4.0, -3.0, 0.0]":-1.1463345,"[40.0, 4.0, 3.0, 0.2]":1.1146297,"[20.0, 4.0, 3.0, 0.2]":1.0717077,"[0.0, 0.0, 0.0, 0.0]":0.018845934,"[0.0, 4.0, 0.0, -0.2]":0.7074683,"[0.0, 4.0, 0.0, 0.0]":0.938306,"[40.0, 4.0, -3.0, 0.2]":0.6150821,"[20.0, -4.0, 3.0, 0.2]":-0.5183475,"[0.0, 0.0, -3.0, -0.2]":-0.80777246,"[0.0, -4.0, -3.0, 0.0]":-1.0125436,"[20.0, 4.0, 3.0, 0.0]":1.1044263,"[40.0, 0.0, 0.0, -0.2]":-0.8055303,"[40.0, 0.0, 3.0, 0.2]":0.9146013,"[0.0, 0.0, 3.0, -0.2]":-0.023278888,"[40.0, -4.0, 3.0, 0.0]":-0.9441782,"[0.0, 0.0, 0.0, -0.2]":-0.23081411,"[20.0, 4.0, 3.0, -0.2]":0.702091,"[0.0, -4.0, 3.0, 0.0]":-0.80093706,"[40.0, -4.0, -3.0, -0.2]":-0.9716235,"[40.0, -4.0, -3.0, 0.2]":-0.7803105,"[40.0, 0.0, 0.0, 0.2]":0.68119884,"[0.0, 4.0, 3.0, 0.0]":1.0782756,"[40.0, 4.0, -3.0, -0.2]":0.572511,"[0.0, -4.0, -3.0, -0.2]":-1.0700153,"[0.0, -4.0, 3.0, 0.2]":-0.49879444,"[20.0, 4.0, -3.0, 0.0]":0.6778718,"[40.0, 0.0, 3.0, 0.0]":0.21666616,"[40.0, -4.0, 0.0, -0.2]":-0.5821616,"[40.0, -4.0, 3.0, 0.2]":-0.70295155,"[20.0, -4.0, -3.0, 0.0]":-1.1140918,"[20.0, -4.0, 3.0, 0.0]":-0.71095026,"[40.0, 0.0, -3.0, 0.2]":0.47845024,"[20.0, 0.0, -3.0, 0.0]":-0.025392942,"[40.0, 0.0, -3.0, -0.2]":-1.1005658,"[40.0, 4.0, 0.0, 0.2]":0.9129888,"[0.0, -4.0, 0.0, 0.0]":-0.9528384,"[20.0, -4.0, 3.0, -0.2]":-0.40620878,"[20.0, 0.0, 3.0, 0.0]":0.20502001,"[20.0, 4.0, 0.0, 0.2]":0.79064786,"[40.0, 4.0, 3.0, -0.2]":0.7370142,"[20.0, 0.0, 0.0, -0.2]":-0.65226954,"[40.0, 4.0, 3.0, 0.0]":1.1081449,"[40.0, -4.0, 0.0, 0.2]":-0.7869416,"[20.0, 0.0, 0.0, 0.2]":0.519197,"[0.0, 0.0, 3.0, 0.2]":0.9084274,"[0.0, -4.0, -3.0, 0.2]":-0.84193003,"[0.0, 4.0, 0.0, 0.2]":0.7361571,"[0.0, 4.0, -3.0, 0.0]":0.8185606,"[20.0, -4.0, -3.0, 0.2]":-0.740016,"[40.0, -4.0, 3.0, -0.2]":-0.55163455,"[20.0, 0.0, -3.0, 0.2]":0.53971505,"[20.0, 0.0, 0.0, 0.0]":0.019671604,"[20.0, -4.0, 0.0, 0.2]":-0.69200015,"[40.0, 0.0, -3.0, 0.0]":-0.11614101,"[20.0, -4.0, 0.0, 0.0]":-0.91692996,"[0.0, 0.0, 3.0, 0.0]":0.60358053,"[0.0, 4.0, 3.0, 0.2]":1.0487251},"input_std":[[9.602311],[1.3486832],[1.0353605],[0.046098933]],"model_test_loss":0.042929979419708254,"input_size":4,"current_date_and_time":"2023-04-19_17-56-38","input_mean":[[16.983288],[0.017774161],[0.010872399],[0.0018135218]],"output_size":1,"test_dict_zero_bias":{"[20.0, -4.0, 0.0, -0.2]":-1.0161188,"[0.0, -4.0, 3.0, -0.2]":-0.77509165,"[20.0, 0.0, 3.0, 0.2]":0.54978496,"[20.0, 4.0, 0.0, 0.0]":0.6566065,"[40.0, 0.0, 0.0, 0.0]":-0.38133407,"[40.0, -4.0, 0.0, 0.0]":-1.2974424,"[0.0, 0.0, 0.0, 0.2]":0.3091898,"[40.0, 4.0, -3.0, 0.0]":0.5673775,"[20.0, 0.0, 3.0, -0.2]":-0.80847806,"[0.0, -4.0, 0.0, -0.2]":-1.1479539,"[0.0, 4.0, -3.0, 0.2]":0.21491699,"[20.0, 4.0, -3.0, -0.2]":0.24400945,"[20.0, 4.0, 0.0, -0.2]":0.39630446,"[40.0, 4.0, 0.0, 0.0]":0.7566977,"[20.0, -4.0, -3.0, -0.2]":-1.3647332,"[0.0, 4.0, 3.0, -0.2]":0.39852986,"[20.0, 4.0, -3.0, 0.2]":0.13880184,"[40.0, 0.0, 3.0, -0.2]":-0.6182846,"[40.0, 4.0, 0.0, -0.2]":0.5059708,"[0.0, -4.0, 0.0, 0.2]":-1.1378826,"[0.0, 0.0, -3.0, 0.0]":-0.77639014,"[0.0, 0.0, -3.0, 0.2]":-0.03628192,"[20.0, 0.0, -3.0, -0.2]":-1.1592994,"[0.0, 4.0, -3.0, -0.2]":0.32968134,"[40.0, -4.0, -3.0, 0.0]":-1.4418787,"[40.0, 4.0, 3.0, 0.2]":0.8090405,"[20.0, 4.0, 3.0, 0.2]":0.7473207,"[0.0, 0.0, 0.0, 0.0]":-0.16834788,"[0.0, 4.0, 0.0, -0.2]":0.4266495,"[0.0, 4.0, 0.0, 0.0]":0.6439441,"[40.0, 4.0, -3.0, 0.2]":0.30906075,"[20.0, -4.0, 3.0, 0.2]":-0.8607823,"[0.0, 0.0, -3.0, -0.2]":-1.1920202,"[0.0, -4.0, -3.0, 0.0]":-1.4159439,"[20.0, 4.0, 3.0, 0.0]":0.7994038,"[40.0, 0.0, 0.0, -0.2]":-1.0743284,"[40.0, 0.0, 3.0, 0.2]":0.48779193,"[0.0, 0.0, 3.0, -0.2]":-0.5734933,"[40.0, -4.0, 3.0, 0.0]":-1.2993219,"[0.0, 0.0, 0.0, -0.2]":-0.73030925,"[20.0, 4.0, 3.0, -0.2]":0.3441318,"[0.0, -4.0, 3.0, 0.0]":-1.0782362,"[40.0, -4.0, -3.0, -0.2]":-1.3340071,"[40.0, -4.0, -3.0, 0.2]":-1.1009787,"[40.0, 0.0, 0.0, 0.2]":0.16654825,"[0.0, 4.0, 3.0, 0.0]":0.80429125,"[40.0, 4.0, -3.0, -0.2]":0.2848871,"[0.0, -4.0, -3.0, -0.2]":-1.4111198,"[0.0, -4.0, 3.0, 0.2]":-0.8581549,"[20.0, 4.0, -3.0, 0.0]":0.42948118,"[40.0, 0.0, 3.0, 0.0]":0.17188594,"[40.0, -4.0, 0.0, -0.2]":-0.9796266,"[40.0, -4.0, 3.0, 0.2]":-0.9521155,"[20.0, -4.0, -3.0, 0.0]":-1.4393845,"[20.0, -4.0, 3.0, 0.0]":-1.0444615,"[40.0, 0.0, -3.0, 0.2]":0.029141374,"[20.0, 0.0, -3.0, 0.0]":-0.4447874,"[40.0, 0.0, -3.0, -0.2]":-1.4190149,"[40.0, 4.0, 0.0, 0.2]":0.6292924,"[0.0, -4.0, 0.0, 0.0]":-1.3328302,"[20.0, -4.0, 3.0, -0.2]":-0.7414086,"[20.0, 0.0, 3.0, 0.0]":-0.13350233,"[20.0, 4.0, 0.0, 0.2]":0.4354271,"[40.0, 4.0, 3.0, -0.2]":0.45843717,"[20.0, 0.0, 0.0, -0.2]":-0.8154473,"[40.0, 4.0, 3.0, 0.0]":0.7297487,"[40.0, -4.0, 0.0, 0.2]":-1.0724125,"[20.0, 0.0, 0.0, 0.2]":0.24546406,"[0.0, 0.0, 3.0, 0.2]":0.66841435,"[0.0, -4.0, -3.0, 0.2]":-1.1408385,"[0.0, 4.0, 0.0, 0.2]":0.36331442,"[0.0, 4.0, -3.0, 0.0]":0.5430844,"[20.0, -4.0, -3.0, 0.2]":-1.0768051,"[40.0, -4.0, 3.0, -0.2]":-0.9249451,"[20.0, 0.0, -3.0, 0.2]":0.20347893,"[20.0, 0.0, 0.0, 0.0]":-0.2999245,"[20.0, -4.0, 0.0, 0.2]":-1.0651488,"[40.0, 0.0, -3.0, 0.0]":-0.75077873,"[20.0, -4.0, 0.0, 0.0]":-1.2586027,"[0.0, 0.0, 3.0, 0.0]":0.14926332,"[0.0, 4.0, 3.0, 0.2]":0.7142913},"layers":[{"dense_1_b":[[0.12715368],[-0.1844429],[-0.97339],[-0.56444895],[-0.26919365],[-1.5781187],[0.07376073],[-1.6156781]],"dense_1_W":[[0.21312052,0.05934891,1.7199082,-0.1987981],[-1.422105,-1.5358472,-0.55666995,-0.2057817],[0.7972912,1.5954477,-0.073068984,1.0286583],[-0.23953944,-1.0261921,-0.3376546,0.64430803],[1.3536623,-1.3387057,-0.47550836,0.01966194],[1.2169691,-1.4591523,0.37672737,-0.8816216],[0.064719856,-4.166337,0.2105543,-0.6302693],[-0.87458867,1.6958565,0.9798693,-0.21962865]],