{"test_dict":{"[20.0, -4.0, 0.0, -0.2]":-0.74117565,"[0.0, -4.0, 3.0, -0.2]":-0.56207424,"[20.0, 0.0, 3.0, 0.2]":0.7793285,"[20.0, 4.0, 0.0, 0.0]":0.778636,"[40.0, 0.0, 0.0, 0.0]":-0.002646746,"[40.0, -4.0, 0.0, 0.0]":-0.7859176,"[0.0, 0.0, 0.0, 0.2]":0.62796617,"[40.0, 4.0, -3.0, 0.0]":0.7445947,"[20.0, 0.0, 3.0, -0.2]":0.12848419,"[0.0, -4.0, 0.0, -0.2]":-0.72322637,"[0.0, 4.0, -3.0, 0.2]":0.55311215,"[20.0, 4.0, -3.0, -0.2]":0.77709985,"[20.0, 4.0, 0.0, -0.2]":0.7855806,"[40.0, 4.0, 0.0, 0.0]":0.76898247,"[20.0, -4.0, -3.0, -0.2]":-0.8824609,"[0.0, 4.0, 3.0, -0.2]":0.8853049,"[20.0, 4.0, -3.0, 0.2]":0.51707554,"[40.0, 0.0, 3.0, -0.2]":-0.008924542,"[40.0, 4.0, 0.0, -0.2]":0.7210212,"[0.0, -4.0, 0.0, 0.2]":-0.80433005,"[0.0, 0.0, -3.0, 0.0]":-0.73835,"[0.0, 0.0, -3.0, 0.2]":-0.20805109,"[20.0, 0.0, -3.0, -0.2]":-0.82585883,"[0.0, 4.0, -3.0, -0.2]":0.7444944,"[40.0, -4.0, -3.0, 0.0]":-0.9416118,"[40.0, 4.0, 3.0, 0.2]":0.8441366,"[20.0, 4.0, 3.0, 0.2]":0.8398205,"[0.0, 0.0, 0.0, 0.0]":-0.008234732,"[0.0, 4.0, 0.0, -0.2]":0.72363496,"[0.0, 4.0, 0.0, 0.0]":0.7623394,"[40.0, 4.0, -3.0, 0.2]":0.5129689,"[20.0, -4.0, 3.0, 0.2]":-0.82887983,"[0.0, 0.0, -3.0, -0.2]":-0.62836057,"[0.0, -4.0, -3.0, 0.0]":-0.9627911,"[20.0, 4.0, 3.0, 0.0]":0.89352816,"[40.0, 0.0, 0.0, -0.2]":-0.7714699,"[40.0, 0.0, 3.0, 0.2]":0.74128616,"[0.0, 0.0, 3.0, -0.2]":0.27278662,"[40.0, -4.0, 3.0, 0.0]":-0.67607754,"[0.0, 0.0, 0.0, -0.2]":-0.62137,"[20.0, 4.0, 3.0, -0.2]":0.82893395,"[0.0, -4.0, 3.0, 0.0]":-0.6837926,"[40.0, -4.0, -3.0, -0.2]":-0.9057704,"[40.0, -4.0, -3.0, 0.2]":-0.9627175,"[40.0, 0.0, 0.0, 0.2]":0.6520979,"[0.0, 4.0, 3.0, 0.0]":0.9069694,"[40.0, 4.0, -3.0, -0.2]":0.7447975,"[0.0, -4.0, -3.0, -0.2]":-0.882065,"[0.0, -4.0, 3.0, 0.2]":-0.8225483,"[20.0, 4.0, -3.0, 0.0]":0.707757,"[40.0, 0.0, 3.0, 0.0]":0.53336835,"[40.0, -4.0, 0.0, -0.2]":-0.76315933,"[40.0, -4.0, 3.0, 0.2]":-0.7020933,"[20.0, -4.0, -3.0, 0.0]":-0.9838085,"[20.0, -4.0, 3.0, 0.0]":-0.6519483,"[40.0, 0.0, -3.0, 0.2]":-0.34505618,"[20.0, 0.0, -3.0, 0.0]":-0.3016874,"[40.0, 0.0, -3.0, -0.2]":-0.8072531,"[40.0, 4.0, 0.0, 0.2]":0.70848775,"[0.0, -4.0, 0.0, 0.0]":-0.83984584,"[20.0, -4.0, 3.0, -0.2]":-0.606651,"[20.0, 0.0, 3.0, 0.0]":0.34599873,"[20.0, 4.0, 0.0, 0.2]":0.6603437,"[40.0, 4.0, 3.0, -0.2]":0.79551315,"[20.0, 0.0, 0.0, -0.2]":-0.7514577,"[40.0, 4.0, 3.0, 0.0]":0.862265,"[40.0, -4.0, 0.0, 0.2]":-0.79307705,"[20.0, 0.0, 0.0, 0.2]":0.66064733,"[0.0, 0.0, 3.0, 0.2]":0.6533902,"[0.0, -4.0, -3.0, 0.2]":-0.8947037,"[0.0, 4.0, 0.0, 0.2]":0.6631843,"[0.0, 4.0, -3.0, 0.0]":0.6245008,"[20.0, -4.0, -3.0, 0.2]":-0.94643885,"[40.0, -4.0, 3.0, -0.2]":-0.6411494,"[20.0, 0.0, -3.0, 0.2]":-0.27830997,"[20.0, 0.0, 0.0, 0.0]":0.0061445264,"[20.0, -4.0, 0.0, 0.2]":-0.88788825,"[40.0, 0.0, -3.0, 0.0]":-0.50441474,"[20.0, -4.0, 0.0, 0.0]":-0.7937832,"[0.0, 0.0, 3.0, 0.0]":0.73775285,"[0.0, 4.0, 3.0, 0.2]":0.81781214},"input_std":[[7.7993846],[1.019406],[1.131439],[0.036390077]],"model_test_loss":0.033952612859010696,"input_size":4,"current_date_and_time":"2023-04-19_17-57-36","input_mean":[[12.510837],[0.008243851],[-0.06772222],[0.017566267]],"output_size":1,"test_dict_zero_bias":{"[20.0, -4.0, 0.0, -0.2]":-0.7836639,"[0.0, -4.0, 3.0, -0.2]":-0.53513825,"[20.0, 0.0, 3.0, 0.2]":0.65074855,"[20.0, 4.0, 0.0, 0.0]":0.7018142,"[40.0, 0.0, 0.0, 0.0]":0.14173009,"[40.0, -4.0, 0.0, 0.0]":-0.8328646,"[0.0, 0.0, 0.0, 0.2]":0.6242602,"[40.0, 4.0, -3.0, 0.0]":0.66819435,"[20.0, 0.0, 3.0, -0.2]":0.21757346,"[0.0, -4.0, 0.0, -0.2]":-0.7636757,"[0.0, 4.0, -3.0, 0.2]":0.5230156,"[20.0, 4.0, -3.0, -0.2]":0.7050386,"[20.0, 4.0, 0.0, -0.2]":0.71021956,"[40.0, 4.0, 0.0, 0.0]":0.6897232,"[20.0, -4.0, -3.0, -0.2]":-0.9599237,"[0.0, 4.0, 3.0, -0.2]":0.806574,"[20.0, 4.0, -3.0, 0.2]":0.4952899,"[40.0, 0.0, 3.0, -0.2]":0.118631065,"[40.0, 4.0, 0.0, -0.2]":0.61020887,"[0.0, -4.0, 0.0, 0.2]":-0.92184687,"[0.0, 0.0, -3.0, 0.0]":-0.57830036,"[0.0, 0.0, -3.0, 0.2]":-0.08470541,"[20.0, 0.0, -3.0, -0.2]":-0.9008119,"[0.0, 4.0, -3.0, -0.2]":0.7086966,"[40.0, -4.0, -3.0, 0.0]":-1.0169,"[40.0, 4.0, 3.0, 0.2]":0.76016533,"[20.0, 4.0, 3.0, 0.2]":0.74592394,"[0.0, 0.0, 0.0, 0.0]":-0.07337048,"[0.0, 4.0, 0.0, -0.2]":0.7125898,"[0.0, 4.0, 0.0, 0.0]":0.676567,"[40.0, 4.0, -3.0, 0.2]":0.4769366,"[20.0, -4.0, 3.0, 0.2]":-0.9069624,"[0.0, 0.0, -3.0, -0.2]":-0.8152417,"[0.0, -4.0, -3.0, 0.0]":-1.0604275,"[20.0, 4.0, 3.0, 0.0]":0.8109638,"[40.0, 0.0, 0.0, -0.2]":-0.7242043,"[40.0, 0.0, 3.0, 0.2]":0.6345005,"[0.0, 0.0, 3.0, -0.2]":0.30885893,"[40.0, -4.0, 3.0, 0.0]":-0.6890046,"[0.0, 0.0, 0.0, -0.2]":-0.7167143,"[20.0, 4.0, 3.0, -0.2]":0.7442809,"[0.0, -4.0, 3.0, 0.0]":-0.7548736,"[40.0, -4.0, -3.0, -0.2]":-0.98178303,"[40.0, -4.0, -3.0, 0.2]":-1.0335177,"[40.0, 0.0, 0.0, 0.2]":0.47126132,"[0.0, 4.0, 3.0, 0.0]":0.83021533,"[40.0, 4.0, -3.0, -0.2]":0.6388983,"[0.0, -4.0, -3.0, -0.2]":-0.9754403,"[0.0, -4.0, 3.0, 0.2]":-0.90580124,"[20.0, 4.0, -3.0, 0.0]":0.61744696,"[40.0, 0.0, 3.0, 0.0]":0.63278955,"[40.0, -4.0, 0.0, -0.2]":-0.81113046,"[40.0, -4.0, 3.0, 0.2]":-0.64589274,"[20.0, -4.0, -3.0, 0.0]":-1.0765721,"[20.0, -4.0, 3.0, 0.0]":-0.67174107,"[40.0, 0.0, -3.0, 0.2]":-0.41469958,"[20.0, 0.0, -3.0, 0.0]":-0.43363923,"[40.0, 0.0, -3.0, -0.2]":-0.725067,"[40.0, 4.0, 0.0, 0.2]":0.6235609,"[0.0, -4.0, 0.0, 0.0]":-0.92349416,"[20.0, -4.0, 3.0, -0.2]":-0.59797764,"[20.0, 0.0, 3.0, 0.0]":0.42770022,"[20.0, 4.0, 0.0, 0.2]":0.592223,"[40.0, 4.0, 3.0, -0.2]":0.72843665,"[20.0, 0.0, 0.0, -0.2]":-0.7763157,"[40.0, 4.0, 3.0, 0.0]":0.76071113,"[40.0, -4.0, 0.0, 0.2]":-0.7657631,"[20.0, 0.0, 0.0, 0.2]":0.5957316,"[0.0, 0.0, 3.0, 0.2]":0.6601942,"[0.0, -4.0, -3.0, 0.2]":-0.98554885,"[0.0, 4.0, 0.0, 0.2]":0.6025612,"[0.0, 4.0, -3.0, 0.0]":0.5676936,"[20.0, -4.0, -3.0, 0.2]":-1.026075,"[40.0, -4.0, 3.0, -0.2]":-0.6455931,"[20.0, 0.0, -3.0, 0.2]":-0.19635393,"[20.0, 0.0, 0.0, 0.0]":0.05708134,"[20.0, -4.0, 0.0, 0.2]":-0.9459165,"[40.0, 0.0, -3.0, 0.0]":-0.70813453,"[20.0, -4.0, 0.0, 0.0]":-0.8735777,"[0.0, 0.0, 3.0, 0.0]":0.5404605,"[0.0, 4.0, 3.0, 0.2]":0.733403},"layers":[{"dense_1_b":[[-0.16905217],[0.05673198],[1.0757452],[-1.3627825],[-0.21182576],[0.092127256],[0.72812325],[-0.23687495]],"dense_1_W":[[-0.0494896,0.4596982,2.3881745,0.16033572],[0.35771567,0.25361267,-0.21784931,0.16585562],[-1.100259,-1.5886124,0.8587255,-0.82367164],[1.000548,-1.5236862,0.798159,-0.62405664],[-0.4782171,1.1037686,-0.00075102993,-0.5772184],[-0.07666984,4.057978,1.7297643,0.62973136],[0.9418432,0.2245826,0.9082127,-0.8562295],[0.028590893,-0.24645773,3.8559701,0.027940389]],