{"test_dict":{"[20.0, -4.0, 0.0, -0.2]":-0.90434927,"[0.0, -4.0, 3.0, -0.2]":-1.0040039,"[20.0, 0.0, 3.0, 0.2]":0.958371,"[20.0, 4.0, 0.0, 0.0]":1.2032895,"[40.0, 0.0, 0.0, 0.0]":0.15002963,"[40.0, -4.0, 0.0, 0.0]":-0.9667578,"[0.0, 0.0, 0.0, 0.2]":0.7117314,"[40.0, 4.0, -3.0, 0.0]":1.2061872,"[20.0, 0.0, 3.0, -0.2]":-0.31749025,"[0.0, -4.0, 0.0, -0.2]":-0.9869924,"[0.0, 4.0, -3.0, 0.2]":0.9716738,"[20.0, 4.0, -3.0, -0.2]":1.1070948,"[20.0, 4.0, 0.0, -0.2]":1.1198173,"[40.0, 4.0, 0.0, 0.0]":1.2071707,"[20.0, -4.0, -3.0, -0.2]":-0.8919913,"[0.0, 4.0, 3.0, -0.2]":0.95275056,"[20.0, 4.0, -3.0, 0.2]":1.0848655,"[40.0, 0.0, 3.0, -0.2]":-0.5693544,"[40.0, 4.0, 0.0, -0.2]":1.157075,"[0.0, -4.0, 0.0, 0.2]":-0.9071951,"[0.0, 0.0, -3.0, 0.0]":0.13299164,"[0.0, 0.0, -3.0, 0.2]":0.6731375,"[20.0, 0.0, -3.0, -0.2]":-0.68730897,"[0.0, 4.0, -3.0, -0.2]":0.9879184,"[40.0, -4.0, -3.0, 0.0]":-0.9266214,"[40.0, 4.0, 3.0, 0.2]":1.1017642,"[20.0, 4.0, 3.0, 0.2]":0.9746038,"[0.0, 0.0, 0.0, 0.0]":0.0037545208,"[0.0, 4.0, 0.0, -0.2]":1.024554,"[0.0, 4.0, 0.0, 0.0]":1.1332363,"[40.0, 4.0, -3.0, 0.2]":1.1993167,"[20.0, -4.0, 3.0, 0.2]":-0.8674451,"[0.0, 0.0, -3.0, -0.2]":-0.2793972,"[0.0, -4.0, -3.0, 0.0]":-0.9670926,"[20.0, 4.0, 3.0, 0.0]":1.1907046,"[40.0, 0.0, 0.0, -0.2]":-0.9127991,"[40.0, 0.0, 3.0, 0.2]":1.1213467,"[0.0, 0.0, 3.0, -0.2]":-0.55548054,"[40.0, -4.0, 3.0, 0.0]":-0.9906506,"[0.0, 0.0, 0.0, -0.2]":-0.5182528,"[20.0, 4.0, 3.0, -0.2]":1.0850778,"[0.0, -4.0, 3.0, 0.0]":-1.0048192,"[40.0, -4.0, -3.0, -0.2]":-0.90070695,"[40.0, -4.0, -3.0, 0.2]":-0.9410506,"[40.0, 0.0, 0.0, 0.2]":1.1421415,"[0.0, 4.0, 3.0, 0.0]":1.0446254,"[40.0, 4.0, -3.0, -0.2]":1.1472981,"[0.0, -4.0, -3.0, -0.2]":-0.9470458,"[0.0, -4.0, 3.0, 0.2]":-0.8819594,"[20.0, 4.0, -3.0, 0.0]":1.2035414,"[40.0, 0.0, 3.0, 0.0]":-0.18064412,"[40.0, -4.0, 0.0, -0.2]":-0.8898725,"[40.0, -4.0, 3.0, 0.2]":-0.89683646,"[20.0, -4.0, -3.0, 0.0]":-0.98730737,"[20.0, -4.0, 3.0, 0.0]":-1.0053513,"[40.0, 0.0, -3.0, 0.2]":1.0074846,"[20.0, 0.0, -3.0, 0.0]":-0.04128658,"[40.0, 0.0, -3.0, -0.2]":-0.94003946,"[40.0, 4.0, 0.0, 0.2]":1.1725405,"[0.0, -4.0, 0.0, 0.0]":-0.9957412,"[20.0, -4.0, 3.0, -0.2]":-0.938573,"[20.0, 0.0, 3.0, 0.0]":-0.25074285,"[20.0, 4.0, 0.0, 0.2]":1.0071423,"[40.0, 4.0, 3.0, -0.2]":1.1474994,"[20.0, 0.0, 0.0, -0.2]":-0.6745649,"[40.0, 4.0, 3.0, 0.0]":1.205882,"[40.0, -4.0, 0.0, 0.2]":-0.9581273,"[20.0, 0.0, 0.0, 0.2]":1.091391,"[0.0, 0.0, 3.0, 0.2]":0.86816967,"[0.0, -4.0, -3.0, 0.2]":-0.90684456,"[0.0, 4.0, 0.0, 0.2]":0.9652919,"[0.0, 4.0, -3.0, 0.0]":1.1796067,"[20.0, -4.0, -3.0, 0.2]":-0.90519947,"[40.0, -4.0, 3.0, -0.2]":-0.8906482,"[20.0, 0.0, -3.0, 0.2]":0.8914293,"[20.0, 0.0, 0.0, 0.0]":0.0031197164,"[20.0, -4.0, 0.0, 0.2]":-0.9086416,"[40.0, 0.0, -3.0, 0.0]":0.33836654,"[20.0, -4.0, 0.0, 0.0]":-1.0044419,"[0.0, 0.0, 3.0, 0.0]":0.1380377,"[0.0, 4.0, 3.0, 0.2]":0.96378237},"input_std":[[9.97332],[0.7217815],[1.0600843],[0.030919462]],"model_test_loss":0.07765913982391358,"input_size":4,"current_date_and_time":"2023-04-19_18-01-32","input_mean":[[17.018532],[-0.058427356],[0.7540334],[0.008639045]],"output_size":1,"test_dict_zero_bias":{"[20.0, -4.0, 0.0, -0.2]":-1.0568757,"[0.0, -4.0, 3.0, -0.2]":-1.1795492,"[20.0, 0.0, 3.0, 0.2]":0.6528936,"[20.0, 4.0, 0.0, 0.0]":1.0294375,"[40.0, 0.0, 0.0, 0.0]":0.11834118,"[40.0, -4.0, 0.0, 0.0]":-1.1049091,"[0.0, 0.0, 0.0, 0.2]":0.83276534,"[40.0, 4.0, -3.0, 0.0]":1.0278108,"[20.0, 0.0, 3.0, -0.2]":-0.54860663,"[0.0, -4.0, 0.0, -0.2]":-1.1385679,"[0.0, 4.0, -3.0, 0.2]":0.81937456,"[20.0, 4.0, -3.0, -0.2]":0.89430904,"[20.0, 4.0, 0.0, -0.2]":0.96536416,"[40.0, 4.0, 0.0, 0.0]":1.0296522,"[20.0, -4.0, -3.0, -0.2]":-1.0509213,"[0.0, 4.0, 3.0, -0.2]":0.9089835,"[20.0, 4.0, -3.0, 0.2]":0.9694621,"[40.0, 0.0, 3.0, -0.2]":-0.6922613,"[40.0, 4.0, 0.0, -0.2]":0.9747851,"[0.0, -4.0, 0.0, 0.2]":-1.1226693,"[0.0, 0.0, -3.0, 0.0]":0.40920034,"[0.0, 0.0, -3.0, 0.2]":0.49430588,"[20.0, 0.0, -3.0, -0.2]":-0.7694676,"[0.0, 4.0, -3.0, -0.2]":0.8376162,"[40.0, -4.0, -3.0, 0.0]":-1.0671601,"[40.0, 4.0, 3.0, 0.2]":0.9814581,"[20.0, 4.0, 3.0, 0.2]":0.82608956,"[0.0, 0.0, 0.0, 0.0]":0.027038857,"[0.0, 4.0, 0.0, -0.2]":0.9447876,"[0.0, 4.0, 0.0, 0.0]":1.000416,"[40.0, 4.0, -3.0, 0.2]":1.0280883,"[20.0, -4.0, 3.0, 0.2]":-1.1130602,"[0.0, 0.0, -3.0, -0.2]":-0.60165167,"[0.0, -4.0, -3.0, 0.0]":-1.1856356,"[20.0, 4.0, 3.0, 0.0]":1.0241975,"[40.0, 0.0, 0.0, -0.2]":-1.037776,"[40.0, 0.0, 3.0, 0.2]":0.9072211,"[0.0, 0.0, 3.0, -0.2]":-0.92441714,"[40.0, -4.0, 3.0, 0.0]":-1.1555225,"[0.0, 0.0, 0.0, -0.2]":-0.9770155,"[20.0, 4.0, 3.0, -0.2]":0.9563579,"[0.0, -4.0, 3.0, 0.0]":-1.197465,"[40.0, -4.0, -3.0, -0.2]":-1.0515552,"[40.0, -4.0, -3.0, 0.2]":-1.0271049,"[40.0, 0.0, 0.0, 0.2]":0.94346416,"[0.0, 4.0, 3.0, 0.0]":0.936547,"[40.0, 4.0, -3.0, -0.2]":0.9289766,"[0.0, -4.0, -3.0, -0.2]":-1.0859102,"[0.0, -4.0, 3.0, 0.2]":-1.1184753,"[20.0, 4.0, -3.0, 0.0]":1.0244133,"[40.0, 0.0, 3.0, 0.0]":0.10055995,"[40.0, -4.0, 0.0, -0.2]":-1.0496571,"[40.0, -4.0, 3.0, 0.2]":-1.0939491,"[20.0, -4.0, -3.0, 0.0]":-1.1634251,"[20.0, -4.0, 3.0, 0.0]":-1.1952145,"[40.0, 0.0, -3.0, 0.2]":0.71555686,"[20.0, 0.0, -3.0, 0.0]":0.29570985,"[40.0, 0.0, -3.0, -0.2]":-1.0551965,"[40.0, 4.0, 0.0, 0.2]":1.0181086,"[0.0, -4.0, 0.0, 0.0]":-1.1955712,"[20.0, -4.0, 3.0, -0.2]":-1.0787522,"[20.0, 0.0, 3.0, 0.0]":-0.053565025,"[20.0, 4.0, 0.0, 0.2]":0.8867329,"[40.0, 4.0, 3.0, -0.2]":0.97359204,"[20.0, 0.0, 0.0, -0.2]":-0.5278391,"[40.0, 4.0, 3.0, 0.0]":1.0245297,"[40.0, -4.0, 0.0, 0.2]":-1.0884494,"[20.0, 0.0, 0.0, 0.2]":0.81629,"[0.0, 0.0, 3.0, 0.2]":0.9120625,"[0.0, -4.0, -3.0, 0.2]":-1.1184813,"[0.0, 4.0, 0.0, 0.2]":0.80365384,"[0.0, 4.0, -3.0, 0.0]":1.0106481,"[20.0, -4.0, -3.0, 0.2]":-1.0915942,"[40.0, -4.0, 3.0, -0.2]":-1.0503392,"[20.0, 0.0, -3.0, 0.2]":0.63714933,"[20.0, 0.0, 0.0, 0.0]":0.09614591,"[20.0, -4.0, 0.0, 0.2]":-1.1096771,"[40.0, 0.0, -3.0, 0.0]":0.2550634,"[20.0, -4.0, 0.0, 0.0]":-1.1894435,"[0.0, 0.0, 3.0, 0.0]":-0.08467306,"[0.0, 4.0, 3.0, 0.2]":0.79983425},"layers":[{"dense_1_b":[[-1.3386774],[-1.5135207],[-0.7767713],[3.0874367],[-0.91190505],[-0.5726036],[1.9047054],[-1.0062983]],"dense_1_W":[[0.8225655,-0.79459065,0.5389164,-1.0516675],[0.6993275,1.4338762,-0.121939346,0.7599578],[-0.36620066,-1.4752814,-1.2239026,-0.44567546],[2.1180637,-3.2160683,-0.6068813,0.2560773],[-1.2489942,-1.7461709,0.04056911,-0.55084944],[0.19220035,2.66521,-0.17225185,-0.2403184],[2.1027038,2.3606994,-0.8017613,-0.1299244],[1.6361922,0.7043431,-0.53142303,-0.87332565]],