{"test_dict":{"[40.0,0.0,0.0,-0.2,0.0,0.0,0.0,-0.2,-0.2,-0.2]":0.55513394,"[0.0,0.0,-4.0,0.2,1.2,-1.2,-3.2,0.2,0.2,0.2]":-2.3175132,"[40.0,-4.0,4.0,0.0,-5.2,-2.8,-0.7999999999999998,0.0,0.0,0.0]":-0.32392317,"[20.0,0.0,0.0,0.0,0.0,0.0,0.0,0.0,0.0,0.0]":-0.0034039244,"[40.0,0.0,0.0,0.0,0.0,0.0,0.0,0.0,0.0,0.0]":-0.0018669367,"[40.0,0.0,0.0,0.2,0.0,0.0,0.0,0.2,0.2,0.2]":-0.5459752,"[20.0,4.0,4.0,0.0,2.8,5.2,7.2,0.0,0.0,0.0]":2.3759418,"[20.0,4.0,0.0,-0.2,4.0,4.0,4.0,-0.2,-0.2,-0.2]":2.0059059,"[20.0,4.0,0.0,0.0,4.0,4.0,4.0,0.0,0.0,0.0]":1.8265066,"[20.0,-4.0,-4.0,0.0,-2.8,-5.2,-7.2,0.0,0.0,0.0]":-2.3569877,"[0.0,-4.0,-4.0,0.2,-2.8,-5.2,-7.2,0.2,0.2,0.2]":-2.6687338,"[40.0,4.0,-4.0,0.0,5.2,2.8,0.7999999999999998,0.0,0.0,0.0]":0.3352839,"[40.0,-4.0,-4.0,-0.2,-2.8,-5.2,-7.2,-0.2,-0.2,-0.2]":-1.4026638,"[40.0,4.0,4.0,0.0,2.8,5.2,7.2,0.0,0.0,0.0]":1.9400901,"[20.0,4.0,-4.0,0.0,5.2,2.8,0.7999999999999998,0.0,0.0,0.0]":-0.014385447,"[20.0,0.0,-4.0,-0.2,1.2,-1.2,-3.2,-0.2,-0.2,-0.2]":-0.80212724,"[20.0,0.0,4.0,0.2,-1.2,1.2,3.2,0.2,0.2,0.2]":0.84087527,"[0.0,4.0,4.0,0.0,2.8,5.2,7.2,0.0,0.0,0.0]":2.4214687,"[0.0,4.0,0.0,0.0,4.0,4.0,4.0,0.0,0.0,0.0]":2.2971609,"[0.0,0.0,-4.0,0.0,1.2,-1.2,-3.2,0.0,0.0,0.0]":-1.9798588,"[20.0,-4.0,0.0,-0.2,-4.0,-4.0,-4.0,-0.2,-0.2,-0.2]":-1.2302313,"[0.0,0.0,4.0,0.2,-1.2,1.2,3.2,0.2,0.2,0.2]":2.0058618,"[20.0,-4.0,0.0,0.0,-4.0,-4.0,-4.0,0.0,0.0,0.0]":-1.8062861,"[0.0,0.0,0.0,0.0,0.0,0.0,0.0,0.0,0.0,0.0]":0.037880182,"[20.0,0.0,4.0,-0.2,-1.2,1.2,3.2,-0.2,-0.2,-0.2]":1.6393008,"[40.0,-4.0,4.0,0.2,-5.2,-2.8,-0.7999999999999998,0.2,0.2,0.2]":-0.37276852,"[0.0,4.0,0.0,-0.2,4.0,4.0,4.0,-0.2,-0.2,-0.2]":2.317411,"[0.0,-4.0,4.0,0.0,-5.2,-2.8,-0.7999999999999998,0.0,0.0,0.0]":-0.333945,"[0.0,0.0,4.0,0.0,-1.2,1.2,3.2,0.0,0.0,0.0]":2.045627,"[20.0,-4.0,4.0,-0.2,-5.2,-2.8,-0.7999999999999998,-0.2,-0.2,-0.2]":-0.019516975,"[0.0,0.0,0.0,0.2,0.0,0.0,0.0,0.2,0.2,0.2]":-0.7318003,"[0.0,4.0,-4.0,0.0,5.2,2.8,0.7999999999999998,0.0,0.0,0.0]":0.45167762,"[40.0,-4.0,-4.0,0.0,-2.8,-5.2,-7.2,0.0,0.0,0.0]":-1.8259588,"[40.0,-4.0,0.0,-0.2,-4.0,-4.0,-4.0,-0.2,-0.2,-0.2]":-1.0256727,"[20.0,-4.0,0.0,0.2,-4.0,-4.0,-4.0,0.2,0.2,0.2]":-1.9810356,"[20.0,-4.0,4.0,0.2,-5.2,-2.8,-0.7999999999999998,0.2,0.2,0.2]":0.07218235,"[0.0,-4.0,-4.0,-0.2,-2.8,-5.2,-7.2,-0.2,-0.2,-0.2]":-2.0862365,"[0.0,-4.0,4.0,-0.2,-5.2,-2.8,-0.7999999999999998,-0.2,-0.2,-0.2]":-0.06455436,"[20.0,0.0,-4.0,0.2,1.2,-1.2,-3.2,0.2,0.2,0.2]":-1.6204528,"[20.0,-4.0,4.0,0.0,-5.2,-2.8,-0.7999999999999998,0.0,0.0,0.0]":-0.0032270998,"[0.0,0.0,-4.0,-0.2,1.2,-1.2,-3.2,-0.2,-0.2,-0.2]":-1.931338,"[0.0,-4.0,0.0,0.2,-4.0,-4.0,-4.0,0.2,0.2,0.2]":-2.3267236,"[0.0,0.0,4.0,-0.2,-1.2,1.2,3.2,-0.2,-0.2,-0.2]":2.346108,"[20.0,-4.0,-4.0,-0.2,-2.8,-5.2,-7.2,-0.2,-0.2,-0.2]":-1.944609,"[20.0,0.0,0.0,-0.2,0.0,0.0,0.0,-0.2,-0.2,-0.2]":0.46750504,"[20.0,0.0,4.0,0.0,-1.2,1.2,3.2,0.0,0.0,0.0]":1.0286357,"[40.0,0.0,-4.0,-0.2,1.2,-1.2,-3.2,-0.2,-0.2,-0.2]":-0.6445097,"[40.0,4.0,0.0,0.2,4.0,4.0,4.0,0.2,0.2,0.2]":1.0354856,"[0.0,4.0,4.0,-0.2,2.8,5.2,7.2,-0.2,-0.2,-0.2]":2.6056051,"[40.0,4.0,0.0,0.0,4.0,4.0,4.0,0.0,0.0,0.0]":1.5465143,"[0.0,4.0,-4.0,-0.2,5.2,2.8,0.7999999999999998,-0.2,-0.2,-0.2]":0.55734694,"[40.0,-4.0,-4.0,0.2,-2.8,-5.2,-7.2,0.2,0.2,0.2]":-2.1066349,"[20.0,0.0,0.0,0.2,0.0,0.0,0.0,0.2,0.2,0.2]":-0.45877346,"[40.0,-4.0,0.0,0.0,-4.0,-4.0,-4.0,0.0,0.0,0.0]":-1.5391876,"[20.0,4.0,-4.0,0.2,5.2,2.8,0.7999999999999998,0.2,0.2,0.2]":-0.031680137,"[40.0,0.0,4.0,0.0,-1.2,1.2,3.2,0.0,0.0,0.0]":0.8130367,"[40.0,4.0,-4.0,0.2,5.2,2.8,0.7999999999999998,0.2,0.2,0.2]":0.19699089,"[40.0,4.0,-4.0,-0.2,5.2,2.8,0.7999999999999998,-0.2,-0.2,-0.2]":0.42480913,"[40.0,4.0,4.0,0.2,2.8,5.2,7.2,0.2,0.2,0.2]":1.499148,"[40.0,-4.0,0.0,0.2,-4.0,-4.0,-4.0,0.2,0.2,0.2]":-1.6303285,"[20.0,4.0,-4.0,-0.2,5.2,2.8,0.7999999999999998,-0.2,-0.2,-0.2]":-0.0010388717,"[20.0,4.0,0.0,0.2,4.0,4.0,4.0,0.2,0.2,0.2]":1.2305205,"[0.0,0.0,0.0,-0.2,0.0,0.0,0.0,-0.2,-0.2,-0.2]":0.7872213,"[20.0,0.0,-4.0,0.0,1.2,-1.2,-3.2,0.0,0.0,0.0]":-1.0081042,"[0.0,4.0,0.0,0.2,4.0,4.0,4.0,0.2,0.2,0.2]":1.9901646,"[40.0,0.0,-4.0,0.2,1.2,-1.2,-3.2,0.2,0.2,0.2]":-1.4001385,"[40.0,4.0,4.0,-0.2,2.8,5.2,7.2,-0.2,-0.2,-0.2]":2.2171504,"[40.0,0.0,4.0,-0.2,-1.2,1.2,3.2,-0.2,-0.2,-0.2]":1.4084725,"[0.0,4.0,4.0,0.2,2.8,5.2,7.2,0.2,0.2,0.2]":2.1049252,"[20.0,4.0,4.0,0.2,2.8,5.2,7.2,0.2,0.2,0.2]":2.0003178,"[0.0,4.0,-4.0,0.2,5.2,2.8,0.7999999999999998,0.2,0.2,0.2]":0.18724342,"[0.0,-4.0,0.0,-0.2,-4.0,-4.0,-4.0,-0.2,-0.2,-0.2]":-1.9803792,"[40.0,-4.0,4.0,-0.2,-5.2,-2.8,-0.7999999999999998,-0.2,-0.2,-0.2]":-0.20753893,"[20.0,-4.0,-4.0,0.2,-2.8,-5.2,-7.2,0.2,0.2,0.2]":-2.591853,"[0.0,-4.0,4.0,0.2,-5.2,-2.8,-0.7999999999999998,0.2,0.2,0.2]":-0.41813454,"[40.0,0.0,-4.0,0.0,1.2,-1.2,-3.2,0.0,0.0,0.0]":-0.8336339,"[40.0,0.0,4.0,0.2,-1.2,1.2,3.2,0.2,0.2,0.2]":0.5947801,"[0.0,-4.0,-4.0,0.0,-2.8,-5.2,-7.2,0.0,0.0,0.0]":-2.4650702,"[40.0,4.0,0.0,-0.2,4.0,4.0,4.0,-0.2,-0.2,-0.2]":1.6378647,"[20.0,4.0,4.0,-0.2,2.8,5.2,7.2,-0.2,-0.2,-0.2]":2.5826154,"[0.0,-4.0,0.0,0.0,-4.0,-4.0,-4.0,0.0,0.0,0.0]":-2.3118544},"input_std":[[10.294195],[1.2954704],[2.2418962],[0.039930753],[1.2699082],[1.291205],[1.219782],[0.039703615],[0.040068675],[0.040036704]],"model_test_loss":0.04307343065738678,"input_size":10,"current_date_and_time":"2023-05-25_03-42-48","input_mean":[[19.06534],[0.043391682],[-0.07340912],[-0.00054890144],[0.04477397],[0.04118941],[0.034715194],[-0.00043213018],[-0.00069848],[-0.00088191376]],"input_vars":["v_ego","lateral_accel","lateral_jerk","roll","lateral_accel_m03","lateral_accel_p03","lateral_accel_p08","roll_m03","roll_p03","roll_p08"],"output_size":1,"test_dict_zero_bias":{"[40.0,0.0,0.0,-0.2,0.0,0.0,0.0,-0.2,-0.2,-0.2]":0.23119657,"[0.0,0.0,-4.0,0.2,1.2,-1.2,-3.2,0.2,0.2,0.2]":-2.6200259,"[40.0,-4.0,4.0,0.0,-5.2,-2.8,-0.7999999999999998,0.0,0.0,0.0]":-0.6703401,"[20.0,0.0,0.0,0.0,0.0,0.0,0.0,0.0,0.0,0.0]":0.20895848,"[40.0,0.0,0.0,0.0,0.0,0.0,0.0,0.0,0.0,0.0]":-0.386953,"[40.0,0.0,0.0,0.2,0.0,0.0,0.0,0.2,0.2,0.2]":-0.9651422,"[20.0,4.0,4.0,0.0,2.8,5.2,7.2,0.0,0.0,0.0]":1.9821157,"[20.0,4.0,0.0,-0.2,4.0,4.0,4.0,-0.2,-0.2,-0.2]":1.9641471,"[20.0,4.0,0.0,0.0,4.0,4.0,4.0,0.0,0.0,0.0]":1.8884182,"[20.0,-4.0,-4.0,0.0,-2.8,-5.2,-7.2,0.0,0.0,0.0]":-2.9335282,"[0.0,-4.0,-4.0,0.2,-2.8,-5.2,-7.2,0.2,0.2,0.2]":-3.14648,"[40.0,4.0,-4.0,0.0,5.2,2.8,0.7999999999999998,0.0,0.0,0.0]":0.044628203,"[40.0,-4.0,-4.0,-0.2,-2.8,-5.2,-7.2,-0.2,-0.2,-0.2]":-2.1346679,"[40.0,4.0,4.0,0.0,2.8,5.2,7.2,0.0,0.0,0.0]":1.9379948,"[20.0,4.0,-4.0,0.0,5.2,2.8,0.7999999999999998,0.0,0.0,0.0]":0.17715418,"[20.0,0.0,-4.0,-0.2,1.2,-1.2,-3.2,-0.2,-0.2,-0.2]":-1.4123126,"[20.0,0.0,4.0,0.2,-1.2,1.2,3.2,0.2,0.2,0.2]":1.1959628,"[0.0,4.0,4.0,0.0,2.8,5.2,7.2,0.0,0.0,0.0]":1.9764415,"[0.0,4.0,0.0,0.0,4.0,4.0,4.0,0.0,0.0,0.0]":2.1446695,"[0.0,0.0,-4.0,0.0,1.2,-1.2,-3.2,0.0,0.0,0.0]":-2.0676835,"[20.0,-4.0,0.0,-0.2,-4.0,-4.0,-4.0,-0.2,-0.2,-0.2]":-1.8361722,"[0.0,0.0,4.0,0.2,-1.2,1.2,3.2,0.2,0.2,0.2]":1.7325771,"[20.0,-4.0,0.0,0.0,-4.0,-4.0,-4.0,0.0,0.0,0.0]":-2.3958354,"[0.0,0.0,0.0,0.0,0.0,0.0,0.0,0.0,0.0,0.0]":0.40379244,"[20.0,0.0,4.0,-0.2,-1.2,1.2,3.2,-0.2,-0.2,-0.2]":1.7761232,"[40.0,-4.0,4.0,0.2,-5.2,-2.8,-0.7999999999999998,0.2,0.2,0.2]":-0.69349515,"[0.0,4.0,0.0,-0.2,4.0,4.0,4.0,-0.2,-0.2,-0.2]":2.0683804,"[0.0,-4.0,4.0,0.0,-5.2,-2.8,-0.7999999999999998,0.0,0.0,0.0]":0.09096068,"[0.0,0.0,4.0,0.0,-1.2,1.2,3.2,0.0,0.0,0.0]":1.8493968,"[20.0,-4.0,4.0,-0.2,-5.2,-2.8,-0.7999999999999998,-0.2,-0.2,-0.2]":0.3236772,"[0.0,0.0,0.0,0.2,0.0,0.0,0.0,0.2,0.2,0.2]":-0.26792946,"[0.0,4.0,-4.0,0.0,5.2,2.8,0.7999999999999998,0.0,0.0,0.0]":0.7340735,"[40.0,-4.0,-4.0,0.0,-2.8,-5.2,-7.2,0.0,0.0,0.0]":-2.5527704,"[40.0,-4.0,0.0,-0.2,-4.0,-4.0,-4.0,-0.2,-0.2,-0.2]":-1.6201754,"[20.0,-4.0,0.0,0.2,-4.0,-4.0,-4.0,0.2,0.2,0.2]":-2.5383554,"[20.0,-4.0,4.0,0.2,-5.2,-2.8,-0.7999999999999998,0.2,0.2,0.2]":0.13159539,