{"test_dict":{"[40.0,0.0,0.0,-0.2,0.0,0.0,0.0,-0.2,-0.2,-0.2]":0.3040053,"[0.0,0.0,-4.0,0.2,1.2,-1.2,-3.2,0.2,0.2,0.2]":-1.6259376,"[40.0,-4.0,4.0,0.0,-5.2,-2.8,-0.7999999999999998,0.0,0.0,0.0]":-0.6416922,"[20.0,0.0,0.0,0.0,0.0,0.0,0.0,0.0,0.0,0.0]":0.008939015,"[40.0,0.0,0.0,0.0,0.0,0.0,0.0,0.0,0.0,0.0]":0.020166034,"[40.0,0.0,0.0,0.2,0.0,0.0,0.0,0.2,0.2,0.2]":-0.25841436,"[20.0,4.0,4.0,0.0,2.8,5.2,7.2,0.0,0.0,0.0]":1.7376237,"[20.0,4.0,0.0,-0.2,4.0,4.0,4.0,-0.2,-0.2,-0.2]":1.4572916,"[20.0,4.0,0.0,0.0,4.0,4.0,4.0,0.0,0.0,0.0]":1.3934178,"[20.0,-4.0,-4.0,0.0,-2.8,-5.2,-7.2,0.0,0.0,0.0]":-1.7699958,"[0.0,-4.0,-4.0,0.2,-2.8,-5.2,-7.2,0.2,0.2,0.2]":-2.6293564,"[40.0,4.0,-4.0,0.0,5.2,2.8,0.7999999999999998,0.0,0.0,0.0]":0.7037942,"[40.0,-4.0,-4.0,-0.2,-2.8,-5.2,-7.2,-0.2,-0.2,-0.2]":-1.3492117,"[40.0,4.0,4.0,0.0,2.8,5.2,7.2,0.0,0.0,0.0]":1.5985918,"[20.0,4.0,-4.0,0.0,5.2,2.8,0.7999999999999998,0.0,0.0,0.0]":0.8325873,"[20.0,0.0,-4.0,-0.2,1.2,-1.2,-3.2,-0.2,-0.2,-0.2]":-0.24740843,"[20.0,0.0,4.0,0.2,-1.2,1.2,3.2,0.2,0.2,0.2]":0.25009754,"[0.0,4.0,4.0,0.0,2.8,5.2,7.2,0.0,0.0,0.0]":2.6818311,"[0.0,4.0,0.0,0.0,4.0,4.0,4.0,0.0,0.0,0.0]":2.1601079,"[0.0,0.0,-4.0,0.0,1.2,-1.2,-3.2,0.0,0.0,0.0]":-1.3528715,"[20.0,-4.0,0.0,-0.2,-4.0,-4.0,-4.0,-0.2,-0.2,-0.2]":-1.0332298,"[0.0,0.0,4.0,0.2,-1.2,1.2,3.2,0.2,0.2,0.2]":0.91203856,"[20.0,-4.0,0.0,0.0,-4.0,-4.0,-4.0,0.0,0.0,0.0]":-1.3383828,"[0.0,0.0,0.0,0.0,0.0,0.0,0.0,0.0,0.0,0.0]":0.12376524,"[20.0,0.0,4.0,-0.2,-1.2,1.2,3.2,-0.2,-0.2,-0.2]":0.82778925,"[40.0,-4.0,4.0,0.2,-5.2,-2.8,-0.7999999999999998,0.2,0.2,0.2]":-0.79013234,"[0.0,4.0,0.0,-0.2,4.0,4.0,4.0,-0.2,-0.2,-0.2]":2.129593,"[0.0,-4.0,4.0,0.0,-5.2,-2.8,-0.7999999999999998,0.0,0.0,0.0]":-0.80029035,"[0.0,0.0,4.0,0.0,-1.2,1.2,3.2,0.0,0.0,0.0]":1.2911692,"[20.0,-4.0,4.0,-0.2,-5.2,-2.8,-0.7999999999999998,-0.2,-0.2,-0.2]":-0.4647906,"[0.0,0.0,0.0,0.2,0.0,0.0,0.0,0.2,0.2,0.2]":-0.18393795,"[0.0,4.0,-4.0,0.0,5.2,2.8,0.7999999999999998,0.0,0.0,0.0]":0.748399,"[40.0,-4.0,-4.0,0.0,-2.8,-5.2,-7.2,0.0,0.0,0.0]":-1.6059868,"[40.0,-4.0,0.0,-0.2,-4.0,-4.0,-4.0,-0.2,-0.2,-0.2]":-0.9109481,"[20.0,-4.0,0.0,0.2,-4.0,-4.0,-4.0,0.2,0.2,0.2]":-1.4012673,"[20.0,-4.0,4.0,0.2,-5.2,-2.8,-0.7999999999999998,0.2,0.2,0.2]":-0.92467535,"[0.0,-4.0,-4.0,-0.2,-2.8,-5.2,-7.2,-0.2,-0.2,-0.2]":-2.366463,"[0.0,-4.0,4.0,-0.2,-5.2,-2.8,-0.7999999999999998,-0.2,-0.2,-0.2]":-0.41474518,"[20.0,0.0,-4.0,0.2,1.2,-1.2,-3.2,0.2,0.2,0.2]":-0.8419444,"[20.0,-4.0,4.0,0.0,-5.2,-2.8,-0.7999999999999998,0.0,0.0,0.0]":-0.7734375,"[0.0,0.0,-4.0,-0.2,1.2,-1.2,-3.2,-0.2,-0.2,-0.2]":-1.0121269,"[0.0,-4.0,0.0,0.2,-4.0,-4.0,-4.0,0.2,0.2,0.2]":-1.8635882,"[0.0,0.0,4.0,-0.2,-1.2,1.2,3.2,-0.2,-0.2,-0.2]":1.55091,"[20.0,-4.0,-4.0,-0.2,-2.8,-5.2,-7.2,-0.2,-0.2,-0.2]":-1.5026028,"[20.0,0.0,0.0,-0.2,0.0,0.0,0.0,-0.2,-0.2,-0.2]":0.3129882,"[20.0,0.0,4.0,0.0,-1.2,1.2,3.2,0.0,0.0,0.0]":0.5980788,"[40.0,0.0,-4.0,-0.2,1.2,-1.2,-3.2,-0.2,-0.2,-0.2]":-0.1381044,"[40.0,4.0,0.0,0.2,4.0,4.0,4.0,0.2,0.2,0.2]":0.9222038,"[0.0,4.0,4.0,-0.2,2.8,5.2,7.2,-0.2,-0.2,-0.2]":2.7146497,"[40.0,4.0,0.0,0.0,4.0,4.0,4.0,0.0,0.0,0.0]":1.2370245,"[0.0,4.0,-4.0,-0.2,5.2,2.8,0.7999999999999998,-0.2,-0.2,-0.2]":0.8961145,"[40.0,-4.0,-4.0,0.2,-2.8,-5.2,-7.2,0.2,0.2,0.2]":-1.6549664,"[20.0,0.0,0.0,0.2,0.0,0.0,0.0,0.2,0.2,0.2]":-0.286422,"[40.0,-4.0,0.0,0.0,-4.0,-4.0,-4.0,0.0,0.0,0.0]":-1.2169633,"[20.0,4.0,-4.0,0.2,5.2,2.8,0.7999999999999998,0.2,0.2,0.2]":0.51831263,"[40.0,0.0,4.0,0.0,-1.2,1.2,3.2,0.0,0.0,0.0]":0.50928855,"[40.0,4.0,-4.0,0.2,5.2,2.8,0.7999999999999998,0.2,0.2,0.2]":0.408349,"[40.0,4.0,-4.0,-0.2,5.2,2.8,0.7999999999999998,-0.2,-0.2,-0.2]":0.8455663,"[40.0,4.0,4.0,0.2,2.8,5.2,7.2,0.2,0.2,0.2]":1.3346756,"[40.0,-4.0,0.0,0.2,-4.0,-4.0,-4.0,0.2,0.2,0.2]":-1.2908642,"[20.0,4.0,-4.0,-0.2,5.2,2.8,0.7999999999999998,-0.2,-0.2,-0.2]":0.97863454,"[20.0,4.0,0.0,0.2,4.0,4.0,4.0,0.2,0.2,0.2]":1.0778807,"[0.0,0.0,0.0,-0.2,0.0,0.0,0.0,-0.2,-0.2,-0.2]":0.3945414,"[20.0,0.0,-4.0,0.0,1.2,-1.2,-3.2,0.0,0.0,0.0]":-0.5888468,"[0.0,4.0,0.0,0.2,4.0,4.0,4.0,0.2,0.2,0.2]":1.9094335,"[40.0,0.0,-4.0,0.2,1.2,-1.2,-3.2,0.2,0.2,0.2]":-0.67885154,"[40.0,4.0,4.0,-0.2,2.8,5.2,7.2,-0.2,-0.2,-0.2]":1.6455629,"[40.0,0.0,4.0,-0.2,-1.2,1.2,3.2,-0.2,-0.2,-0.2]":0.72947836,"[0.0,4.0,4.0,0.2,2.8,5.2,7.2,0.2,0.2,0.2]":2.4236572,"[20.0,4.0,4.0,0.2,2.8,5.2,7.2,0.2,0.2,0.2]":1.4880244,"[0.0,4.0,-4.0,0.2,5.2,2.8,0.7999999999999998,0.2,0.2,0.2]":0.3686531,"[0.0,-4.0,0.0,-0.2,-4.0,-4.0,-4.0,-0.2,-0.2,-0.2]":-1.6334673,"[40.0,-4.0,4.0,-0.2,-5.2,-2.8,-0.7999999999999998,-0.2,-0.2,-0.2]":-0.36504534,"[20.0,-4.0,-4.0,0.2,-2.8,-5.2,-7.2,0.2,0.2,0.2]":-1.8211868,"[0.0,-4.0,4.0,0.2,-5.2,-2.8,-0.7999999999999998,0.2,0.2,0.2]":-0.9390667,"[40.0,0.0,-4.0,0.0,1.2,-1.2,-3.2,0.0,0.0,0.0]":-0.46164632,"[40.0,0.0,4.0,0.2,-1.2,1.2,3.2,0.2,0.2,0.2]":0.20048396,"[0.0,-4.0,-4.0,0.0,-2.8,-5.2,-7.2,0.0,0.0,0.0]":-2.5937655,"[40.0,4.0,0.0,-0.2,4.0,4.0,4.0,-0.2,-0.2,-0.2]":1.3075687,"[20.0,4.0,4.0,-0.2,2.8,5.2,7.2,-0.2,-0.2,-0.2]":1.7736335,"[0.0,-4.0,0.0,0.0,-4.0,-4.0,-4.0,0.0,0.0,0.0]":-1.8527106},"input_std":[[9.030755],[1.970404],[0.803173],[0.043135285],[1.9295675],[1.9268564],[1.8250201],[0.042927504],[0.042917784],[0.042638134]],"model_test_loss":0.039218783378601074,"input_size":10,"current_date_and_time":"2023-05-25_05-26-54","input_mean":[[17.860458],[-0.07835391],[-0.01455454],[-0.020058447],[-0.07661926],[-0.067904435],[-0.053486187],[-0.020061335],[-0.020074753],[-0.019994462]],"input_vars":["v_ego","lateral_accel","lateral_jerk","roll","lateral_accel_m03","lateral_accel_p03","lateral_accel_p08","roll_m03","roll_p03","roll_p08"],"output_size":1,"test_dict_zero_bias":{"[40.0,0.0,0.0,-0.2,0.0,0.0,0.0,-0.2,-0.2,-0.2]":0.25664198,"[0.0,0.0,-4.0,0.2,1.2,-1.2,-3.2,0.2,0.2,0.2]":-2.238593,"[40.0,-4.0,4.0,0.0,-5.2,-2.8,-0.7999999999999998,0.0,0.0,0.0]":-0.7495847,"[20.0,0.0,0.0,0.0,0.0,0.0,0.0,0.0,0.0,0.0]":-0.442927,"[40.0,0.0,0.0,0.0,0.0,0.0,0.0,0.0,0.0,0.0]":-0.066700384,"[40.0,0.0,0.0,0.2,0.0,0.0,0.0,0.2,0.2,0.2]":-0.3405228,"[20.0,4.0,4.0,0.0,2.8,5.2,7.2,0.0,0.0,0.0]":1.9686658,"[20.0,4.0,0.0,-0.2,4.0,4.0,4.0,-0.2,-0.2,-0.2]":1.4629617,"[20.0,4.0,0.0,0.0,4.0,4.0,4.0,0.0,0.0,0.0]":1.3921617,"[20.0,-4.0,-4.0,0.0,-2.8,-5.2,-7.2,0.0,0.0,0.0]":-2.2449157,"[0.0,-4.0,-4.0,0.2,-2.8,-5.2,-7.2,0.2,0.2,0.2]":-2.973153,"[40.0,4.0,-4.0,0.0,5.2,2.8,0.7999999999999998,0.0,0.0,0.0]":0.7309284,"[40.0,-4.0,-4.0,-0.2,-2.8,-5.2,-7.2,-0.2,-0.2,-0.2]":-1.5699829,"[40.0,4.0,4.0,0.0,2.8,5.2,7.2,0.0,0.0,0.0]":1.7271752,"[20.0,4.0,-4.0,0.0,5.2,2.8,0.7999999999999998,0.0,0.0,0.0]":0.78443635,"[20.0,0.0,-4.0,-0.2,1.2,-1.2,-3.2,-0.2,-0.2,-0.2]":-0.66374,"[20.0,0.0,4.0,0.2,-1.2,1.2,3.2,0.2,0.2,0.2]":0.1065715,"[0.0,4.0,4.0,0.0,2.8,5.2,7.2,0.0,0.0,0.0]":2.8062449,"[0.0,4.0,0.0,0.0,4.0,4.0,4.0,0.0,0.0,0.0]":2.422687,"[0.0,0.0,-4.0,0.0,1.2,-1.2,-3.2,0.0,0.0,0.0]":-1.9928296,"[20.0,-4.0,0.0,-0.2,-4.0,-4.0,-4.0,-0.2,-0.2,-0.2]":-1.8112396,"[0.0,0.0,4.0,0.2,-1.2,1.2,3.2,0.2,0.2,0.2]":1.0425899,"[20.0,-4.0,0.0,0.0,-4.0,-4.0,-4.0,0.0,0.0,0.0]":-2.043251,"[0.0,0.0,0.0,0.0,0.0,0.0,0.0,0.0,0.0,0.0]":0.10118598,"[20.0,0.0,4.0,-0.2,-1.2,1.2,3.2,-0.2,-0.2,-0.2]":0.80580235,"[40.0,-4.0,4.0,0.2,-5.2,-2.8,-0.7999999999999998,0.2,0.2,0.2]":-0.8887682,"[0.0,4.0,0.0,-0.2,4.0,4.0,4.0,-0.2,-0.2,-0.2]":2.4161658,"[0.0,-4.0,4.0,0.0,-5.2,-2.8,-0.7999999999999998,0.0,0.0,0.0]":-0.6425746,"[0.0,0.0,4.0,0.0,-1.2,1.2,3.2,0.0,0.0,0.0]":1.3896333,"[20.0,-4.0,4.0,-0.2,-5.2,-2.8,-0.7999999999999998,-0.2,-0.2,-0.2]":-1.13386,"[0.0,0.0,0.0,0.2,0.0,0.0,0.0,0.2,0.2,0.2]":-0.16731273,"[0.0,4.0,-4.0,0.0,5.2,2.8,0.7999999999999998,0.0,0.0,0.0]":0.35840252,"[40.0,-4.0,-4.0,0.0,-2.8,-5.2,-7.2,0.0,0.0,0.0]":-1.797046,"[40.0,-4.0,0.0,-0.2,-4.0,-4.0,-4.0,-0.2,-0.2,-0.2]":-1.1845504,"[20.0,-4.0,0.0,0.2,-4.0,-4.0,-4.0,0.2,0.2,0.2]":-2.0559654,"[20.0,-4.0,4.0,0.2,-5.2,-2.8,-0.7999999999999998,0.2,0.2,0.2]":-1.5608578,"[0.0,-4.0,-4.0,-0.2,-2.8,-5.2,-7.2,-0.2,-0.2,-0.2]":-2.7714188,"[0.0,-4.0,4.0,-0.2,-5.2,-2.8,-0.7999999999999998,-0.2,-0.2,-0.2]":-0.25700015,