{"test_dict":{"[20.0, -4.0, 0.0, -0.2]":-1.3481699,"[0.0, -4.0, 3.0, -0.2]":-1.188071,"[20.0, 0.0, 3.0, 0.2]":1.5657207,"[20.0, 4.0, 0.0, 0.0]":1.1769855,"[40.0, 0.0, 0.0, 0.0]":0.023896275,"[40.0, -4.0, 0.0, 0.0]":-1.2257719,"[0.0, 0.0, 0.0, 0.2]":0.57835305,"[40.0, 4.0, -3.0, 0.0]":0.8554223,"[20.0, 0.0, 3.0, -0.2]":-0.839626,"[0.0, -4.0, 0.0, -0.2]":-1.2935855,"[0.0, 4.0, -3.0, 0.2]":1.310589,"[20.0, 4.0, -3.0, -0.2]":1.4400831,"[20.0, 4.0, 0.0, -0.2]":1.3490665,"[40.0, 4.0, 0.0, 0.0]":1.0292479,"[20.0, -4.0, -3.0, -0.2]":-1.4616402,"[0.0, 4.0, 3.0, -0.2]":1.2710186,"[20.0, 4.0, -3.0, 0.2]":1.1852633,"[40.0, 0.0, 3.0, -0.2]":-0.80775386,"[40.0, 4.0, 0.0, -0.2]":1.2026756,"[0.0, -4.0, 0.0, 0.2]":-1.0749006,"[0.0, 0.0, -3.0, 0.0]":-1.2939094,"[0.0, 0.0, -3.0, 0.2]":-0.299479,"[20.0, 0.0, -3.0, -0.2]":-1.4230348,"[0.0, 4.0, -3.0, -0.2]":1.0385954,"[40.0, -4.0, -3.0, 0.0]":-1.4622552,"[40.0, 4.0, 3.0, 0.2]":1.4025284,"[20.0, 4.0, 3.0, 0.2]":1.4618834,"[0.0, 0.0, 0.0, 0.0]":0.011328271,"[0.0, 4.0, 0.0, -0.2]":1.1171339,"[0.0, 4.0, 0.0, 0.0]":1.0611466,"[40.0, 4.0, -3.0, 0.2]":0.9982732,"[20.0, -4.0, 3.0, 0.2]":-1.3230447,"[0.0, 0.0, -3.0, -0.2]":-1.1226947,"[0.0, -4.0, -3.0, 0.0]":-1.3789551,"[20.0, 4.0, 3.0, 0.0]":1.6270163,"[40.0, 0.0, 0.0, -0.2]":-0.8665064,"[40.0, 0.0, 3.0, 0.2]":1.2962172,"[0.0, 0.0, 3.0, -0.2]":0.27884904,"[40.0, -4.0, 3.0, 0.0]":-1.0494491,"[0.0, 0.0, 0.0, -0.2]":-0.55709857,"[20.0, 4.0, 3.0, -0.2]":1.2321101,"[0.0, -4.0, 3.0, 0.0]":-0.75790495,"[40.0, -4.0, -3.0, -0.2]":-1.4377567,"[40.0, -4.0, -3.0, 0.2]":-1.4003416,"[40.0, 0.0, 0.0, 0.2]":1.0276082,"[0.0, 4.0, 3.0, 0.0]":1.416759,"[40.0, 4.0, -3.0, -0.2]":1.2096778,"[0.0, -4.0, -3.0, -0.2]":-1.4229883,"[0.0, -4.0, 3.0, 0.2]":-1.0141901,"[20.0, 4.0, -3.0, 0.0]":0.92339516,"[40.0, 0.0, 3.0, 0.0]":0.682964,"[40.0, -4.0, 0.0, -0.2]":-1.3463036,"[40.0, -4.0, 3.0, 0.2]":-0.99244994,"[20.0, -4.0, -3.0, 0.0]":-1.7063693,"[20.0, -4.0, 3.0, 0.0]":-0.9837262,"[40.0, 0.0, -3.0, 0.2]":0.75314105,"[20.0, 0.0, -3.0, 0.0]":-0.4256342,"[40.0, 0.0, -3.0, -0.2]":-1.0500991,"[40.0, 4.0, 0.0, 0.2]":1.2019644,"[0.0, -4.0, 0.0, 0.0]":-0.95194864,"[20.0, -4.0, 3.0, -0.2]":-1.2999324,"[20.0, 0.0, 3.0, 0.0]":0.6436452,"[20.0, 4.0, 0.0, 0.2]":1.3362719,"[40.0, 4.0, 3.0, -0.2]":1.2413826,"[20.0, 0.0, 0.0, -0.2]":-1.2534751,"[40.0, 4.0, 3.0, 0.0]":1.3816645,"[40.0, -4.0, 0.0, 0.2]":-1.1394992,"[20.0, 0.0, 0.0, 0.2]":1.3546108,"[0.0, 0.0, 3.0, 0.2]":1.1113195,"[0.0, -4.0, -3.0, 0.2]":-1.2130762,"[0.0, 4.0, 0.0, 0.2]":1.372281,"[0.0, 4.0, -3.0, 0.0]":0.83823615,"[20.0, -4.0, -3.0, 0.2]":-1.257471,"[40.0, -4.0, 3.0, -0.2]":-1.3349658,"[20.0, 0.0, -3.0, 0.2]":0.9677724,"[20.0, 0.0, 0.0, 0.0]":0.016054725,"[20.0, -4.0, 0.0, 0.2]":-1.2728904,"[40.0, 0.0, -3.0, 0.0]":-0.6428624,"[20.0, -4.0, 0.0, 0.0]":-1.2914902,"[0.0, 0.0, 3.0, 0.0]":1.2803955,"[0.0, 4.0, 3.0, 0.2]":1.4405243},"input_std":[[9.03281],[0.8008123],[1.0714176],[0.041476544]],"model_test_loss":0.07802873058319092,"input_size":4,"current_date_and_time":"2023-04-19_18-04-51","input_mean":[[15.244537],[0.036182888],[0.040535573],[0.016327962]],"output_size":1,"test_dict_zero_bias":{"[20.0, -4.0, 0.0, -0.2]":-1.0804214,"[0.0, -4.0, 3.0, -0.2]":-0.89029574,"[20.0, 0.0, 3.0, 0.2]":1.7440685,"[20.0, 4.0, 0.0, 0.0]":1.4937431,"[40.0, 0.0, 0.0, 0.0]":0.20503667,"[40.0, -4.0, 0.0, 0.0]":-0.8116025,"[0.0, 0.0, 0.0, 0.2]":1.1871468,"[40.0, 4.0, -3.0, 0.0]":1.0074664,"[20.0, 0.0, 3.0, -0.2]":0.0064399093,"[0.0, -4.0, 0.0, -0.2]":-1.0264446,"[0.0, 4.0, -3.0, 0.2]":1.5812026,"[20.0, 4.0, -3.0, -0.2]":1.6095192,"[20.0, 4.0, 0.0, -0.2]":1.4979643,"[40.0, 4.0, 0.0, 0.0]":1.1659646,"[20.0, -4.0, -3.0, -0.2]":-1.204994,"[0.0, 4.0, 3.0, -0.2]":1.5024431,"[20.0, 4.0, -3.0, 0.2]":1.4782763,"[40.0, 0.0, 3.0, -0.2]":-0.3441918,"[40.0, 4.0, 0.0, -0.2]":1.4003857,"[0.0, -4.0, 0.0, 0.2]":-0.9171912,"[0.0, 0.0, -3.0, 0.0]":-0.7782542,"[0.0, 0.0, -3.0, 0.2]":0.66296405,"[20.0, 0.0, -3.0, -0.2]":-1.1806813,"[0.0, 4.0, -3.0, -0.2]":1.4010994,"[40.0, -4.0, -3.0, 0.0]":-1.03514,"[40.0, 4.0, 3.0, 0.2]":1.6211549,"[20.0, 4.0, 3.0, 0.2]":1.6981884,"[0.0, 0.0, 0.0, 0.0]":0.1439188,"[0.0, 4.0, 0.0, -0.2]":1.4100643,"[0.0, 4.0, 0.0, 0.0]":1.488846,"[40.0, 4.0, -3.0, 0.2]":1.2905484,"[20.0, -4.0, 3.0, 0.2]":-1.0780497,"[0.0, 0.0, -3.0, -0.2]":-1.1383696,"[0.0, -4.0, -3.0, 0.0]":-1.2105176,"[20.0, 4.0, 3.0, 0.0]":1.9215844,"[40.0, 0.0, 0.0, -0.2]":-0.43568146,"[40.0, 0.0, 3.0, 0.2]":1.3113083,"[0.0, 0.0, 3.0, -0.2]":-0.5467162,"[40.0, -4.0, 3.0, 0.0]":-0.6613654,"[0.0, 0.0, 0.0, -0.2]":-0.9152873,"[20.0, 4.0, 3.0, -0.2]":1.409566,"[0.0, -4.0, 3.0, 0.0]":-0.55982506,"[40.0, -4.0, -3.0, -0.2]":-1.1621884,"[40.0, -4.0, -3.0, 0.2]":-1.1020591,"[40.0, 0.0, 0.0, 0.2]":0.8735896,"[0.0, 4.0, 3.0, 0.0]":1.8276055,"[40.0, 4.0, -3.0, -0.2]":1.3515668,"[0.0, -4.0, -3.0, -0.2]":-1.1855278,"[0.0, -4.0, 3.0, 0.2]":-0.91576487,"[20.0, 4.0, -3.0, 0.0]":1.2141955,"[40.0, 0.0, 3.0, 0.0]":1.0253904,"[40.0, -4.0, 0.0, -0.2]":-1.0719295,"[40.0, -4.0, 3.0, 0.2]":-0.6035987,"[20.0, -4.0, -3.0, 0.0]":-1.3818647,"[20.0, -4.0, 3.0, 0.0]":-0.66911304,"[40.0, 0.0, -3.0, 0.2]":0.5645979,"[20.0, 0.0, -3.0, 0.0]":-0.7513175,"[40.0, 0.0, -3.0, -0.2]":-0.65982646,"[40.0, 4.0, 0.0, 0.2]":1.4727948,"[0.0, -4.0, 0.0, 0.0]":-0.7616782,"[20.0, -4.0, 3.0, -0.2]":-1.0176607,"[20.0, 0.0, 3.0, 0.0]":1.1830814,"[20.0, 4.0, 0.0, 0.2]":1.5990138,"[40.0, 4.0, 3.0, -0.2]":1.4883403,"[20.0, 0.0, 0.0, -0.2]":-0.9523419,"[40.0, 4.0, 3.0, 0.0]":1.5295429,"[40.0, -4.0, 0.0, 0.2]":-0.7940314,"[20.0, 0.0, 0.0, 0.2]":1.319867,"[0.0, 0.0, 3.0, 0.2]":1.44764,"[0.0, -4.0, -3.0, 0.2]":-0.9775988,"[0.0, 4.0, 0.0, 0.2]":1.6291242,"[0.0, 4.0, -3.0, 0.0]":1.2181947,"[20.0, -4.0, -3.0, 0.2]":-1.0613323,"[40.0, -4.0, 3.0, -0.2]":-1.060261,"[20.0, 0.0, -3.0, 0.2]":0.38563433,"[20.0, 0.0, 0.0, 0.0]":-0.0056387633,"[20.0, -4.0, 0.0, 0.2]":-1.0719709,"[40.0, 0.0, -3.0, 0.0]":-0.5658936,"[20.0, -4.0, 0.0, 0.0]":-0.94920367,"[0.0, 0.0, 3.0, 0.0]":0.9498621,"[0.0, 4.0, 3.0, 0.2]":1.6890042},"layers":[{"dense_1_b":[[-0.17486945],[2.5632997],[-1.0937576],[-0.3339522],[-0.2064752],[-0.5426332],[0.016980147],[-2.248222]],"dense_1_W":[[-0.012140456,-3.3872259,-0.23610468,-0.090697415],[1.9192777,2.9911702,0.3480703,-0.16463104],[1.107689,-0.6878471,0.24437454,-0.60574],[-0.51702106,-0.06092891,0.44954544,0.6132613],[0.1562229,-0.26640734,0.3437017,-0.8145915],[1.0997477,0.69263136,-0.22985922,0.56483734],[-0.046820905,0.50767505,-3.2848048,0.2679666],[-1.8183403,2.8228648,0.68644994,-0.0748962]],