{"test_dict":{"[20.0, -4.0, 0.0, -0.2]":-0.6795476,"[0.0, -4.0, 3.0, -0.2]":-0.18348579,"[20.0, 0.0, 3.0, 0.2]":0.41522563,"[20.0, 4.0, 0.0, 0.0]":0.6621582,"[40.0, 0.0, 0.0, 0.0]":-0.020126853,"[40.0, -4.0, 0.0, 0.0]":-0.6784577,"[0.0, 0.0, 0.0, 0.2]":0.091266155,"[40.0, 4.0, -3.0, 0.0]":0.5300285,"[20.0, 0.0, 3.0, -0.2]":-0.12628677,"[0.0, -4.0, 0.0, -0.2]":-0.90714735,"[0.0, 4.0, -3.0, 0.2]":0.21525328,"[20.0, 4.0, -3.0, -0.2]":0.5499987,"[20.0, 4.0, 0.0, -0.2]":0.63237303,"[40.0, 4.0, 0.0, 0.0]":0.64483166,"[20.0, -4.0, -3.0, -0.2]":-0.87729913,"[0.0, 4.0, 3.0, -0.2]":0.8179557,"[20.0, 4.0, -3.0, 0.2]":0.4934602,"[40.0, 0.0, 3.0, -0.2]":0.048882425,"[40.0, 4.0, 0.0, -0.2]":0.6399376,"[0.0, -4.0, 0.0, 0.2]":-0.9980733,"[0.0, 0.0, -3.0, 0.0]":-0.4612223,"[0.0, 0.0, -3.0, 0.2]":-0.1313066,"[20.0, 0.0, -3.0, -0.2]":-0.3913568,"[0.0, 4.0, -3.0, -0.2]":0.25214756,"[40.0, -4.0, -3.0, 0.0]":-1.0027435,"[40.0, 4.0, 3.0, 0.2]":0.97958595,"[20.0, 4.0, 3.0, 0.2]":0.8273767,"[0.0, 0.0, 0.0, 0.0]":-0.016884599,"[0.0, 4.0, 0.0, -0.2]":0.99613166,"[0.0, 4.0, 0.0, 0.0]":0.9866153,"[40.0, 4.0, -3.0, 0.2]":0.48054484,"[20.0, -4.0, 3.0, 0.2]":-0.50746256,"[0.0, 0.0, -3.0, -0.2]":-0.77215457,"[0.0, -4.0, -3.0, 0.0]":-0.93710375,"[20.0, 4.0, 3.0, 0.0]":0.7897362,"[40.0, 0.0, 0.0, -0.2]":-0.2866712,"[40.0, 0.0, 3.0, 0.2]":0.44445744,"[0.0, 0.0, 3.0, -0.2]":0.21912009,"[40.0, -4.0, 3.0, 0.0]":-0.56143296,"[0.0, 0.0, 0.0, -0.2]":-0.093499586,"[20.0, 4.0, 3.0, -0.2]":0.71463245,"[0.0, -4.0, 3.0, 0.0]":-0.18790905,"[40.0, -4.0, -3.0, -0.2]":-0.9638614,"[40.0, -4.0, -3.0, 0.2]":-0.9716574,"[40.0, 0.0, 0.0, 0.2]":0.2178046,"[0.0, 4.0, 3.0, 0.0]":0.9334809,"[40.0, 4.0, -3.0, -0.2]":0.54719126,"[0.0, -4.0, -3.0, -0.2]":-1.0052549,"[0.0, -4.0, 3.0, 0.2]":-0.2262199,"[20.0, 4.0, -3.0, 0.0]":0.5301347,"[40.0, 0.0, 3.0, 0.0]":0.23751499,"[40.0, -4.0, 0.0, -0.2]":-0.69146156,"[40.0, -4.0, 3.0, 0.2]":-0.55588144,"[20.0, -4.0, -3.0, 0.0]":-0.84081644,"[20.0, -4.0, 3.0, 0.0]":-0.53166723,"[40.0, 0.0, -3.0, 0.2]":-0.11913745,"[20.0, 0.0, -3.0, 0.0]":-0.16087224,"[40.0, 0.0, -3.0, -0.2]":-0.33823648,"[40.0, 4.0, 0.0, 0.2]":0.6326774,"[0.0, -4.0, 0.0, 0.0]":-0.98642683,"[20.0, -4.0, 3.0, -0.2]":-0.5376675,"[20.0, 0.0, 3.0, 0.0]":0.12537806,"[20.0, 4.0, 0.0, 0.2]":0.6663745,"[40.0, 4.0, 3.0, -0.2]":0.90174776,"[20.0, 0.0, 0.0, -0.2]":-0.30044806,"[40.0, 4.0, 3.0, 0.0]":0.9646815,"[40.0, -4.0, 0.0, 0.2]":-0.6389323,"[20.0, 0.0, 0.0, 0.2]":0.257019,"[0.0, 0.0, 3.0, 0.2]":0.74348193,"[0.0, -4.0, -3.0, 0.2]":-0.8290952,"[0.0, 4.0, 0.0, 0.2]":0.9066576,"[0.0, 4.0, -3.0, 0.0]":0.22574756,"[20.0, -4.0, -3.0, 0.2]":-0.7460167,"[40.0, -4.0, 3.0, -0.2]":-0.53275603,"[20.0, 0.0, -3.0, 0.2]":0.051637914,"[20.0, 0.0, 0.0, 0.0]":-0.0036508315,"[20.0, -4.0, 0.0, 0.2]":-0.70445645,"[40.0, 0.0, -3.0, 0.0]":-0.19106014,"[20.0, -4.0, 0.0, 0.0]":-0.69575876,"[0.0, 0.0, 3.0, 0.0]":0.48546425,"[0.0, 4.0, 3.0, 0.2]":1.0128994},"input_std":[[7.851511],[1.4855155],[1.1081642],[0.039130773]],"model_test_loss":0.01856946608275175,"input_size":4,"current_date_and_time":"2023-04-19_18-10-01","input_mean":[[14.119559],[0.031751208],[-0.009741782],[0.031571902]],"output_size":1,"test_dict_zero_bias":{"[20.0, -4.0, 0.0, -0.2]":-0.6463899,"[0.0, -4.0, 3.0, -0.2]":-0.04010134,"[20.0, 0.0, 3.0, 0.2]":0.71224254,"[20.0, 4.0, 0.0, 0.0]":0.9531275,"[40.0, 0.0, 0.0, 0.0]":0.2171882,"[40.0, -4.0, 0.0, 0.0]":-0.6064394,"[0.0, 0.0, 0.0, 0.2]":0.40600505,"[40.0, 4.0, -3.0, 0.0]":0.5465486,"[20.0, 0.0, 3.0, -0.2]":0.17867416,"[0.0, -4.0, 0.0, -0.2]":-0.7065929,"[0.0, 4.0, -3.0, 0.2]":0.47806594,"[20.0, 4.0, -3.0, -0.2]":0.564668,"[20.0, 4.0, 0.0, -0.2]":0.9261486,"[40.0, 4.0, 0.0, 0.0]":0.91915154,"[20.0, -4.0, -3.0, -0.2]":-0.7839805,"[0.0, 4.0, 3.0, -0.2]":0.95133805,"[20.0, 4.0, -3.0, 0.2]":0.5566243,"[40.0, 0.0, 3.0, -0.2]":0.4884347,"[40.0, 4.0, 0.0, -0.2]":0.9440689,"[0.0, -4.0, 0.0, 0.2]":-0.7699654,"[0.0, 0.0, -3.0, 0.0]":-0.19150823,"[0.0, 0.0, -3.0, 0.2]":0.13187104,"[20.0, 0.0, -3.0, -0.2]":-0.35320327,"[0.0, 4.0, -3.0, -0.2]":0.52654916,"[40.0, -4.0, -3.0, 0.0]":-1.0231457,"[40.0, 4.0, 3.0, 0.2]":1.1838193,"[20.0, 4.0, 3.0, 0.2]":0.98620486,"[0.0, 0.0, 0.0, 0.0]":0.22308892,"[0.0, 4.0, 0.0, -0.2]":1.0567055,"[0.0, 4.0, 0.0, 0.0]":1.0313247,"[40.0, 4.0, -3.0, 0.2]":0.4503474,"[20.0, -4.0, 3.0, 0.2]":-0.12095598,"[0.0, 0.0, -3.0, -0.2]":-0.53382885,"[0.0, -4.0, -3.0, 0.0]":-0.7859116,"[20.0, 4.0, 3.0, 0.0]":0.9437343,"[40.0, 0.0, 0.0, -0.2]":-0.009942595,"[40.0, 0.0, 3.0, 0.2]":0.8606965,"[0.0, 0.0, 3.0, -0.2]":0.43543094,"[40.0, -4.0, 3.0, 0.0]":-0.16461115,"[0.0, 0.0, 0.0, -0.2]":0.080614015,"[20.0, 4.0, 3.0, -0.2]":0.867988,"[0.0, -4.0, 3.0, 0.0]":-0.08691739,"[40.0, -4.0, -3.0, -0.2]":-1.0308756,"[40.0, -4.0, -3.0, 0.2]":-0.9382599,"[40.0, 0.0, 0.0, 0.2]":0.39988187,"[0.0, 4.0, 3.0, 0.0]":1.0545985,"[40.0, 4.0, -3.0, -0.2]":0.615115,"[0.0, -4.0, -3.0, -0.2]":-0.8585338,"[0.0, -4.0, 3.0, 0.2]":-0.16516644,"[20.0, 4.0, -3.0, 0.0]":0.55654824,"[40.0, 0.0, 3.0, 0.0]":0.6845437,"[40.0, -4.0, 0.0, -0.2]":-0.5688787,"[40.0, -4.0, 3.0, 0.2]":-0.20369045,"[20.0, -4.0, -3.0, 0.0]":-0.7205103,"[20.0, -4.0, 3.0, 0.0]":-0.14753172,"[40.0, 0.0, -3.0, 0.2]":-0.15529245,"[20.0, 0.0, -3.0, 0.0]":-0.042117454,"[40.0, 0.0, -3.0, -0.2]":-0.40694803,"[40.0, 4.0, 0.0, 0.2]":0.87338126,"[0.0, -4.0, 0.0, 0.0]":-0.7664087,"[20.0, -4.0, 3.0, -0.2]":-0.17846541,"[20.0, 0.0, 3.0, 0.0]":0.4411226,"[20.0, 4.0, 0.0, 0.2]":0.9338476,"[40.0, 4.0, 3.0, -0.2]":1.0786674,"[20.0, 0.0, 0.0, -0.2]":0.058310185,"[40.0, 4.0, 3.0, 0.0]":1.1505263,"[40.0, -4.0, 0.0, 0.2]":-0.6344808,"[20.0, 0.0, 0.0, 0.2]":0.3978823,"[0.0, 0.0, 3.0, 0.2]":0.8496203,"[0.0, -4.0, -3.0, 0.2]":-0.6712831,"[0.0, 4.0, 0.0, 0.2]":0.96928793,"[0.0, 4.0, -3.0, 0.0]":0.50248384,"[20.0, -4.0, -3.0, 0.2]":-0.6054562,"[40.0, -4.0, 3.0, -0.2]":-0.09951987,"[20.0, 0.0, -3.0, 0.2]":0.2202533,"[20.0, 0.0, 0.0, 0.0]":0.2487322,"[20.0, -4.0, 0.0, 0.2]":-0.7319816,"[40.0, 0.0, -3.0, 0.0]":-0.27542257,"[20.0, -4.0, 0.0, 0.0]":-0.72168493,"[0.0, 0.0, 3.0, 0.0]":0.65394115,"[0.0, 4.0, 3.0, 0.2]":1.1207552},"layers":[{"dense_1_b":[[-1.3636513],[0.06001187],[0.049650256],[0.33863148],[-0.0024670206],[1.3021349],[0.0007085057],[-0.21123849]],"dense_1_W":[[-0.6688469,0.5928921,1.3085097,-0.07840323],[-1.5885149,0.55592203,0.9572499,-0.094899334],[0.11961841,0.8693262,-0.34932658,0.21975915],[0.22255124,-2.5233333,-0.2110495,-0.10667234],[0.019841129,2.3744812,-0.1372771,0.13273448],[0.8351664,0.4791156,1.3234946,-0.14071174],[1.5225644,0.30477604,0.9061991,-0.081551924],[0.17417559,-0.039072134,-0.18774375,0.58165723]],