{"test_dict":{"[40.0,0.0,0.0,-0.2,0.0,0.0,0.0,-0.2,-0.2,-0.2]":0.092412576,"[0.0,0.0,-4.0,0.2,1.2,-1.2,-3.2,0.2,0.2,0.2]":-0.65396464,"[40.0,-4.0,4.0,0.0,-5.2,-2.8,-0.7999999999999998,0.0,0.0,0.0]":-0.2873614,"[20.0,0.0,0.0,0.0,0.0,0.0,0.0,0.0,0.0,0.0]":-0.010765432,"[40.0,0.0,0.0,0.0,0.0,0.0,0.0,0.0,0.0,0.0]":-0.001980424,"[40.0,0.0,0.0,0.2,0.0,0.0,0.0,0.2,0.2,0.2]":-0.07613002,"[20.0,4.0,4.0,0.0,2.8,5.2,7.2,0.0,0.0,0.0]":0.74025154,"[20.0,4.0,0.0,-0.2,4.0,4.0,4.0,-0.2,-0.2,-0.2]":0.74477345,"[20.0,4.0,0.0,0.0,4.0,4.0,4.0,0.0,0.0,0.0]":0.7090029,"[20.0,-4.0,-4.0,0.0,-2.8,-5.2,-7.2,0.0,0.0,0.0]":-0.7950094,"[0.0,-4.0,-4.0,0.2,-2.8,-5.2,-7.2,0.2,0.2,0.2]":-1.0272509,"[40.0,4.0,-4.0,0.0,5.2,2.8,0.7999999999999998,0.0,0.0,0.0]":0.3017736,"[40.0,-4.0,-4.0,-0.2,-2.8,-5.2,-7.2,-0.2,-0.2,-0.2]":-0.7597904,"[40.0,4.0,4.0,0.0,2.8,5.2,7.2,0.0,0.0,0.0]":0.7115448,"[20.0,4.0,-4.0,0.0,5.2,2.8,0.7999999999999998,0.0,0.0,0.0]":0.56352293,"[20.0,0.0,-4.0,-0.2,1.2,-1.2,-3.2,-0.2,-0.2,-0.2]":-0.40994385,"[20.0,0.0,4.0,0.2,-1.2,1.2,3.2,0.2,0.2,0.2]":0.35970938,"[0.0,4.0,4.0,0.0,2.8,5.2,7.2,0.0,0.0,0.0]":0.998472,"[0.0,4.0,0.0,0.0,4.0,4.0,4.0,0.0,0.0,0.0]":0.8760792,"[0.0,0.0,-4.0,0.0,1.2,-1.2,-3.2,0.0,0.0,0.0]":-0.5853829,"[20.0,-4.0,0.0,-0.2,-4.0,-4.0,-4.0,-0.2,-0.2,-0.2]":-0.6893157,"[0.0,0.0,4.0,0.2,-1.2,1.2,3.2,0.2,0.2,0.2]":0.5600739,"[20.0,-4.0,0.0,0.0,-4.0,-4.0,-4.0,0.0,0.0,0.0]":-0.72916985,"[0.0,0.0,0.0,0.0,0.0,0.0,0.0,0.0,0.0,0.0]":-0.03651514,"[20.0,0.0,4.0,-0.2,-1.2,1.2,3.2,-0.2,-0.2,-0.2]":0.44085568,"[40.0,-4.0,4.0,0.2,-5.2,-2.8,-0.7999999999999998,0.2,0.2,0.2]":-0.30658776,"[0.0,4.0,0.0,-0.2,4.0,4.0,4.0,-0.2,-0.2,-0.2]":0.8752763,"[0.0,-4.0,4.0,0.0,-5.2,-2.8,-0.7999999999999998,0.0,0.0,0.0]":-0.5669594,"[0.0,0.0,4.0,0.0,-1.2,1.2,3.2,0.0,0.0,0.0]":0.6418694,"[20.0,-4.0,4.0,-0.2,-5.2,-2.8,-0.7999999999999998,-0.2,-0.2,-0.2]":-0.51078445,"[0.0,0.0,0.0,0.2,0.0,0.0,0.0,0.2,0.2,0.2]":-0.22986774,"[0.0,4.0,-4.0,0.0,5.2,2.8,0.7999999999999998,0.0,0.0,0.0]":0.5440986,"[40.0,-4.0,-4.0,0.0,-2.8,-5.2,-7.2,0.0,0.0,0.0]":-0.7638379,"[40.0,-4.0,0.0,-0.2,-4.0,-4.0,-4.0,-0.2,-0.2,-0.2]":-0.60505456,"[20.0,-4.0,0.0,0.2,-4.0,-4.0,-4.0,0.2,0.2,0.2]":-0.7719577,"[20.0,-4.0,4.0,0.2,-5.2,-2.8,-0.7999999999999998,0.2,0.2,0.2]":-0.60373574,"[0.0,-4.0,-4.0,-0.2,-2.8,-5.2,-7.2,-0.2,-0.2,-0.2]":-0.95356065,"[0.0,-4.0,4.0,-0.2,-5.2,-2.8,-0.7999999999999998,-0.2,-0.2,-0.2]":-0.5023598,"[20.0,0.0,-4.0,0.2,1.2,-1.2,-3.2,0.2,0.2,0.2]":-0.48453286,"[20.0,-4.0,4.0,0.0,-5.2,-2.8,-0.7999999999999998,0.0,0.0,0.0]":-0.56460774,"[0.0,0.0,-4.0,-0.2,1.2,-1.2,-3.2,-0.2,-0.2,-0.2]":-0.49271083,"[0.0,-4.0,0.0,0.2,-4.0,-4.0,-4.0,0.2,0.2,0.2]":-0.87960166,"[0.0,0.0,4.0,-0.2,-1.2,1.2,3.2,-0.2,-0.2,-0.2]":0.704814,"[20.0,-4.0,-4.0,-0.2,-2.8,-5.2,-7.2,-0.2,-0.2,-0.2]":-0.7766768,"[20.0,0.0,0.0,-0.2,0.0,0.0,0.0,-0.2,-0.2,-0.2]":0.12731043,"[20.0,0.0,4.0,0.0,-1.2,1.2,3.2,0.0,0.0,0.0]":0.39696652,"[40.0,0.0,-4.0,-0.2,1.2,-1.2,-3.2,-0.2,-0.2,-0.2]":-0.3662351,"[40.0,4.0,0.0,0.2,4.0,4.0,4.0,0.2,0.2,0.2]":0.5794955,"[0.0,4.0,4.0,-0.2,2.8,5.2,7.2,-0.2,-0.2,-0.2]":1.0205312,"[40.0,4.0,0.0,0.0,4.0,4.0,4.0,0.0,0.0,0.0]":0.5750072,"[0.0,4.0,-4.0,-0.2,5.2,2.8,0.7999999999999998,-0.2,-0.2,-0.2]":0.6060283,"[40.0,-4.0,-4.0,0.2,-2.8,-5.2,-7.2,0.2,0.2,0.2]":-0.7654369,"[20.0,0.0,0.0,0.2,0.0,0.0,0.0,0.2,0.2,0.2]":-0.13967246,"[40.0,-4.0,0.0,0.0,-4.0,-4.0,-4.0,0.0,0.0,0.0]":-0.6047607,"[20.0,4.0,-4.0,0.2,5.2,2.8,0.7999999999999998,0.2,0.2,0.2]":0.5129589,"[40.0,0.0,4.0,0.0,-1.2,1.2,3.2,0.0,0.0,0.0]":0.38241628,"[40.0,4.0,-4.0,0.2,5.2,2.8,0.7999999999999998,0.2,0.2,0.2]":0.27832308,"[40.0,4.0,-4.0,-0.2,5.2,2.8,0.7999999999999998,-0.2,-0.2,-0.2]":0.32810545,"[40.0,4.0,4.0,0.2,2.8,5.2,7.2,0.2,0.2,0.2]":0.70960903,"[40.0,-4.0,0.0,0.2,-4.0,-4.0,-4.0,0.2,0.2,0.2]":-0.601144,"[20.0,4.0,-4.0,-0.2,5.2,2.8,0.7999999999999998,-0.2,-0.2,-0.2]":0.621158,"[20.0,4.0,0.0,0.2,4.0,4.0,4.0,0.2,0.2,0.2]":0.6721859,"[0.0,0.0,0.0,-0.2,0.0,0.0,0.0,-0.2,-0.2,-0.2]":0.17439698,"[20.0,0.0,-4.0,0.0,1.2,-1.2,-3.2,0.0,0.0,0.0]":-0.4472955,"[0.0,4.0,0.0,0.2,4.0,4.0,4.0,0.2,0.2,0.2]":0.87902176,"[40.0,0.0,-4.0,0.2,1.2,-1.2,-3.2,0.2,0.2,0.2]":-0.4114989,"[40.0,4.0,4.0,-0.2,2.8,5.2,7.2,-0.2,-0.2,-0.2]":0.7137914,"[40.0,0.0,4.0,-0.2,-1.2,1.2,3.2,-0.2,-0.2,-0.2]":0.396647,"[0.0,4.0,4.0,0.2,2.8,5.2,7.2,0.2,0.2,0.2]":0.96408945,"[20.0,4.0,4.0,0.2,2.8,5.2,7.2,0.2,0.2,0.2]":0.700221,"[0.0,4.0,-4.0,0.2,5.2,2.8,0.7999999999999998,0.2,0.2,0.2]":0.4772383,"[0.0,-4.0,0.0,-0.2,-4.0,-4.0,-4.0,-0.2,-0.2,-0.2]":-0.87619793,"[40.0,-4.0,4.0,-0.2,-5.2,-2.8,-0.7999999999999998,-0.2,-0.2,-0.2]":-0.27078342,"[20.0,-4.0,-4.0,0.2,-2.8,-5.2,-7.2,0.2,0.2,0.2]":-0.8065686,"[0.0,-4.0,4.0,0.2,-5.2,-2.8,-0.7999999999999998,0.2,0.2,0.2]":-0.62185967,"[40.0,0.0,-4.0,0.0,1.2,-1.2,-3.2,0.0,0.0,0.0]":-0.39150104,"[40.0,0.0,4.0,0.2,-1.2,1.2,3.2,0.2,0.2,0.2]":0.36721948,"[0.0,-4.0,-4.0,0.0,-2.8,-5.2,-7.2,0.0,0.0,0.0]":-1.0037521,"[40.0,4.0,0.0,-0.2,4.0,4.0,4.0,-0.2,-0.2,-0.2]":0.57043105,"[20.0,4.0,4.0,-0.2,2.8,5.2,7.2,-0.2,-0.2,-0.2]":0.78229135,"[0.0,-4.0,0.0,0.0,-4.0,-4.0,-4.0,0.0,0.0,0.0]":-0.87297255},"input_std":[[7.92811],[1.0922825],[0.71426547],[0.025491828],[1.0686724],[1.0863087],[1.0370575],[0.02567344],[0.025402391],[0.025503296]],"model_test_loss":0.014531985856592655,"input_size":10,"current_date_and_time":"2023-05-25_06-06-03","input_mean":[[11.950724],[0.16606155],[-0.053213637],[-0.01889659],[0.18064661],[0.14730977],[0.10858032],[-0.018934846],[-0.0187793],[-0.017837374]],"input_vars":["v_ego","lateral_accel","lateral_jerk","roll","lateral_accel_m03","lateral_accel_p03","lateral_accel_p08","roll_m03","roll_p03","roll_p08"],"output_size":1,"test_dict_zero_bias":{"[40.0,0.0,0.0,-0.2,0.0,0.0,0.0,-0.2,-0.2,-0.2]":0.04037304,"[0.0,0.0,-4.0,0.2,1.2,-1.2,-3.2,0.2,0.2,0.2]":-0.7226515,"[40.0,-4.0,4.0,0.0,-5.2,-2.8,-0.7999999999999998,0.0,0.0,0.0]":-0.3471618,"[20.0,0.0,0.0,0.0,0.0,0.0,0.0,0.0,0.0,0.0]":-0.064814016,"[40.0,0.0,0.0,0.0,0.0,0.0,0.0,0.0,0.0,0.0]":-0.06456929,"[40.0,0.0,0.0,0.2,0.0,0.0,0.0,0.2,0.2,0.2]":-0.11111648,"[20.0,4.0,4.0,0.0,2.8,5.2,7.2,0.0,0.0,0.0]":0.76617765,"[20.0,4.0,0.0,-0.2,4.0,4.0,4.0,-0.2,-0.2,-0.2]":0.84464115,"[20.0,4.0,0.0,0.0,4.0,4.0,4.0,0.0,0.0,0.0]":0.79195774,"[20.0,-4.0,-4.0,0.0,-2.8,-5.2,-7.2,0.0,0.0,0.0]":-0.8680265,"[0.0,-4.0,-4.0,0.2,-2.8,-5.2,-7.2,0.2,0.2,0.2]":-1.0931447,"[40.0,4.0,-4.0,0.0,5.2,2.8,0.7999999999999998,0.0,0.0,0.0]":0.3164842,"[40.0,-4.0,-4.0,-0.2,-2.8,-5.2,-7.2,-0.2,-0.2,-0.2]":-0.8335453,"[40.0,4.0,4.0,0.0,2.8,5.2,7.2,0.0,0.0,0.0]":0.7130633,"[20.0,4.0,-4.0,0.0,5.2,2.8,0.7999999999999998,0.0,0.0,0.0]":0.6163859,"[20.0,0.0,-4.0,-0.2,1.2,-1.2,-3.2,-0.2,-0.2,-0.2]":-0.4392296,"[20.0,0.0,4.0,0.2,-1.2,1.2,3.2,0.2,0.2,0.2]":0.34238032,"[0.0,4.0,4.0,0.0,2.8,5.2,7.2,0.0,0.0,0.0]":1.0114038,"[0.0,4.0,0.0,0.0,4.0,4.0,4.0,0.0,0.0,0.0]":0.9012515,"[0.0,0.0,-4.0,0.0,1.2,-1.2,-3.2,0.0,0.0,0.0]":-0.6486333,"[20.0,-4.0,0.0,-0.2,-4.0,-4.0,-4.0,-0.2,-0.2,-0.2]":-0.73562956,"[0.0,0.0,4.0,0.2,-1.2,1.2,3.2,0.2,0.2,0.2]":0.6008995,"[20.0,-4.0,0.0,0.0,-4.0,-4.0,-4.0,0.0,0.0,0.0]":-0.77315307,"[0.0,0.0,0.0,0.0,0.0,0.0,0.0,0.0,0.0,0.0]":-0.15220046,"[20.0,0.0,4.0,-0.2,-1.2,1.2,3.2,-0.2,-0.2,-0.2]":0.43746623,"[40.0,-4.0,4.0,0.2,-5.2,-2.8,-0.7999999999999998,0.2,0.2,0.2]":-0.36729944,"[0.0,4.0,0.0,-0.2,4.0,4.0,4.0,-0.2,-0.2,-0.2]":0.90664387,"[0.0,-4.0,4.0,0.0,-5.2,-2.8,-0.7999999999999998,0.0,0.0,0.0]":-0.5819888,"[0.0,0.0,4.0,0.0,-1.2,1.2,3.2,0.0,0.0,0.0]":0.6705346,"[20.0,-4.0,4.0,-0.2,-5.2,-2.8,-0.7999999999999998,-0.2,-0.2,-0.2]":-0.5788845,"[0.0,0.0,0.0,0.2,0.0,0.0,0.0,0.2,0.2,0.2]":-0.25421435,"[0.0,4.0,-4.0,0.0,5.2,2.8,0.7999999999999998,0.0,0.0,0.0]":0.5368521,"[40.0,-4.0,-4.0,0.0,-2.8,-5.2,-7.2,0.0,0.0,0.0]":-0.8379222,"[40.0,-4.0,0.0,-0.2,-4.0,-4.0,-4.0,-0.2,-0.2,-0.2]":-0.6621015,"[20.0,-4.0,0.0,0.2,-4.0,-4.0,-4.0,0.2,0.2,0.2]":-0.80947214,"[20.0,-4.0,4.0,0.2,-5.2,-2.8,-0.7999999999999998,0.2,0.2,0.2]":-0.6815939,