{"test_dict":{"[20.0, -4.0, 0.0, -0.2]":-1.0031432,"[0.0, -4.0, 3.0, -0.2]":-0.37826604,"[20.0, 0.0, 3.0, 0.2]":0.40141445,"[20.0, 4.0, 0.0, 0.0]":0.8448894,"[40.0, 0.0, 0.0, 0.0]":0.007703509,"[40.0, -4.0, 0.0, 0.0]":-0.8874519,"[0.0, 0.0, 0.0, 0.2]":0.15929507,"[40.0, 4.0, -3.0, 0.0]":0.48821783,"[20.0, 0.0, 3.0, -0.2]":0.20792285,"[0.0, -4.0, 0.0, -0.2]":-0.86791784,"[0.0, 4.0, -3.0, 0.2]":0.3415463,"[20.0, 4.0, -3.0, -0.2]":0.6312642,"[20.0, 4.0, 0.0, -0.2]":0.7963951,"[40.0, 4.0, 0.0, 0.0]":0.78463113,"[20.0, -4.0, -3.0, -0.2]":-0.90723246,"[0.0, 4.0, 3.0, -0.2]":1.0765948,"[20.0, 4.0, -3.0, 0.2]":0.7082936,"[40.0, 0.0, 3.0, -0.2]":0.3296697,"[40.0, 4.0, 0.0, -0.2]":0.7324579,"[0.0, -4.0, 0.0, 0.2]":-0.96746624,"[0.0, 0.0, -3.0, 0.0]":-0.6614897,"[0.0, 0.0, -3.0, 0.2]":-0.40809566,"[20.0, 0.0, -3.0, -0.2]":-0.52546954,"[0.0, 4.0, -3.0, -0.2]":0.6004903,"[40.0, -4.0, -3.0, 0.0]":-1.0337427,"[40.0, 4.0, 3.0, 0.2]":0.90863705,"[20.0, 4.0, 3.0, 0.2]":0.7375481,"[0.0, 0.0, 0.0, 0.0]":0.009185467,"[0.0, 4.0, 0.0, -0.2]":1.0350014,"[0.0, 4.0, 0.0, 0.0]":1.0263747,"[40.0, 4.0, -3.0, 0.2]":0.65531313,"[20.0, -4.0, 3.0, 0.2]":-0.70532453,"[0.0, 0.0, -3.0, -0.2]":-0.6911068,"[0.0, -4.0, -3.0, 0.0]":-1.1696049,"[20.0, 4.0, 3.0, 0.0]":0.88368654,"[40.0, 0.0, 0.0, -0.2]":-0.31785816,"[40.0, 0.0, 3.0, 0.2]":0.67405516,"[0.0, 0.0, 3.0, -0.2]":0.37494004,"[40.0, -4.0, 3.0, 0.0]":-0.4085542,"[0.0, 0.0, 0.0, -0.2]":-0.10378817,"[20.0, 4.0, 3.0, -0.2]":0.98742557,"[0.0, -4.0, 3.0, 0.0]":-0.41447586,"[40.0, -4.0, -3.0, -0.2]":-1.1333361,"[40.0, -4.0, -3.0, 0.2]":-0.86910176,"[40.0, 0.0, 0.0, 0.2]":0.35102922,"[0.0, 4.0, 3.0, 0.0]":1.1963313,"[40.0, 4.0, -3.0, -0.2]":0.29111975,"[0.0, -4.0, -3.0, -0.2]":-1.1090525,"[0.0, -4.0, 3.0, 0.2]":-0.45601517,"[20.0, 4.0, -3.0, 0.0]":0.703306,"[40.0, 0.0, 3.0, 0.0]":0.5157463,"[40.0, -4.0, 0.0, -0.2]":-0.93422157,"[40.0, -4.0, 3.0, 0.2]":-0.36285383,"[20.0, -4.0, -3.0, 0.0]":-0.8934207,"[20.0, -4.0, 3.0, 0.0]":-0.7444082,"[40.0, 0.0, -3.0, 0.2]":-0.051346462,"[20.0, 0.0, -3.0, 0.0]":-0.32643548,"[40.0, 0.0, -3.0, -0.2]":-0.7850144,"[40.0, 4.0, 0.0, 0.2]":0.85682297,"[0.0, -4.0, 0.0, 0.0]":-0.9971752,"[20.0, -4.0, 3.0, -0.2]":-0.6173212,"[20.0, 0.0, 3.0, 0.0]":0.30679986,"[20.0, 4.0, 0.0, 0.2]":0.952248,"[40.0, 4.0, 3.0, -0.2]":1.0958928,"[20.0, 0.0, 0.0, -0.2]":-0.3424198,"[40.0, 4.0, 3.0, 0.0]":0.9679595,"[40.0, -4.0, 0.0, 0.2]":-0.75587523,"[20.0, 0.0, 0.0, 0.2]":0.40864396,"[0.0, 0.0, 3.0, 0.2]":0.77247924,"[0.0, -4.0, -3.0, 0.2]":-1.129122,"[0.0, 4.0, 0.0, 0.2]":0.86271155,"[0.0, 4.0, -3.0, 0.0]":0.43548506,"[20.0, -4.0, -3.0, 0.2]":-0.8333806,"[40.0, -4.0, 3.0, -0.2]":-0.41290075,"[20.0, 0.0, -3.0, 0.2]":-0.036551055,"[20.0, 0.0, 0.0, 0.0]":0.0011570789,"[20.0, -4.0, 0.0, 0.2]":-0.6853893,"[40.0, 0.0, -3.0, 0.0]":-0.4698432,"[20.0, -4.0, 0.0, 0.0]":-0.8939201,"[0.0, 0.0, 3.0, 0.0]":0.691878,"[0.0, 4.0, 3.0, 0.2]":1.1879135},"input_std":[[8.761479],[1.2979959],[1.2800753],[0.038541794]],"model_test_loss":0.017340095645189284,"input_size":4,"current_date_and_time":"2023-04-19_18-07-43","input_mean":[[14.277857],[-0.034934547],[-0.040629584],[-0.0035503048]],"output_size":1,"test_dict_zero_bias":{"[20.0, -4.0, 0.0, -0.2]":-1.1375903,"[0.0, -4.0, 3.0, -0.2]":-0.72275597,"[20.0, 0.0, 3.0, 0.2]":0.28175592,"[20.0, 4.0, 0.0, 0.0]":0.7478761,"[40.0, 0.0, 0.0, 0.0]":-0.24875684,"[40.0, -4.0, 0.0, 0.0]":-1.2160559,"[0.0, 0.0, 0.0, 0.2]":0.09243806,"[40.0, 4.0, -3.0, 0.0]":0.08122941,"[20.0, 0.0, 3.0, -0.2]":0.121291876,"[0.0, -4.0, 0.0, -0.2]":-0.9934098,"[0.0, 4.0, -3.0, 0.2]":0.1977057,"[20.0, 4.0, -3.0, -0.2]":0.4661354,"[20.0, 4.0, 0.0, -0.2]":0.7238423,"[40.0, 4.0, 0.0, 0.0]":0.6043312,"[20.0, -4.0, -3.0, -0.2]":-1.202234,"[0.0, 4.0, 3.0, -0.2]":0.75511867,"[20.0, 4.0, -3.0, 0.2]":0.38698012,"[40.0, 0.0, 3.0, -0.2]":0.38384056,"[40.0, 4.0, 0.0, -0.2]":0.6984807,"[0.0, -4.0, 0.0, 0.2]":-1.1286088,"[0.0, 0.0, -3.0, 0.0]":-0.71755123,"[0.0, 0.0, -3.0, 0.2]":-0.5780966,"[20.0, 0.0, -3.0, -0.2]":-0.76626205,"[0.0, 4.0, -3.0, -0.2]":0.516864,"[40.0, -4.0, -3.0, 0.0]":-1.4458444,"[40.0, 4.0, 3.0, 0.2]":0.78424245,"[20.0, 4.0, 3.0, 0.2]":0.7071206,"[0.0, 0.0, 0.0, 0.0]":-0.032149345,"[0.0, 4.0, 0.0, -0.2]":0.7362915,"[0.0, 4.0, 0.0, 0.0]":0.882323,"[40.0, 4.0, -3.0, 0.2]":0.20007467,"[20.0, -4.0, 3.0, 0.2]":-0.9648551,"[0.0, 0.0, -3.0, -0.2]":-0.68858206,"[0.0, -4.0, -3.0, 0.0]":-1.313597,"[20.0, 4.0, 3.0, 0.0]":0.8223522,"[40.0, 0.0, 0.0, -0.2]":-0.43809605,"[40.0, 0.0, 3.0, 0.2]":0.46363097,"[0.0, 0.0, 3.0, -0.2]":0.04313223,"[40.0, -4.0, 3.0, 0.0]":-0.62493825,"[0.0, 0.0, 0.0, -0.2]":-0.3260896,"[20.0, 4.0, 3.0, -0.2]":0.811579,"[0.0, -4.0, 3.0, 0.0]":-0.65079427,"[40.0, -4.0, -3.0, -0.2]":-1.5003352,"[40.0, -4.0, -3.0, 0.2]":-1.271428,"[40.0, 0.0, 0.0, 0.2]":0.002765432,"[0.0, 4.0, 3.0, 0.0]":0.8806772,"[40.0, 4.0, -3.0, -0.2]":0.015397809,"[0.0, -4.0, -3.0, -0.2]":-1.1354054,"[0.0, -4.0, 3.0, 0.2]":-0.59446543,"[20.0, 4.0, -3.0, 0.0]":0.4321816,"[40.0, 0.0, 3.0, 0.0]":0.45456374,"[40.0, -4.0, 0.0, -0.2]":-1.1746994,"[40.0, -4.0, 3.0, 0.2]":-0.674228,"[20.0, -4.0, -3.0, 0.0]":-1.1976763,"[20.0, -4.0, 3.0, 0.0]":-0.8326963,"[40.0, 0.0, -3.0, 0.2]":-0.48841724,"[20.0, 0.0, -3.0, 0.0]":-0.6289165,"[40.0, 0.0, -3.0, -0.2]":-1.120809,"[40.0, 4.0, 0.0, 0.2]":0.5619688,"[0.0, -4.0, 0.0, 0.0]":-1.0558536,"[20.0, -4.0, 3.0, -0.2]":-0.6723315,"[20.0, 0.0, 3.0, 0.0]":0.3114398,"[20.0, 4.0, 0.0, 0.2]":0.7062321,"[40.0, 4.0, 3.0, -0.2]":1.0763452,"[20.0, 0.0, 0.0, -0.2]":-0.37731147,"[40.0, 4.0, 3.0, 0.0]":0.9713044,"[40.0, -4.0, 0.0, 0.2]":-1.1353257,"[20.0, 0.0, 0.0, 0.2]":0.089406,"[0.0, 0.0, 3.0, 0.2]":0.6236769,"[0.0, -4.0, -3.0, 0.2]":-1.3437734,"[0.0, 4.0, 0.0, 0.2]":0.8130908,"[0.0, 4.0, -3.0, 0.0]":0.4010089,"[20.0, -4.0, -3.0, 0.2]":-1.1305753,"[40.0, -4.0, 3.0, -0.2]":-0.46397793,"[20.0, 0.0, -3.0, 0.2]":-0.33815512,"[20.0, 0.0, 0.0, 0.0]":-0.1874007,"[20.0, -4.0, 0.0, 0.2]":-1.031729,"[40.0, 0.0, -3.0, 0.0]":-0.8962593,"[20.0, -4.0, 0.0, 0.0]":-1.1917303,"[0.0, 0.0, 3.0, 0.0]":0.4073763,"[0.0, 4.0, 3.0, 0.2]":0.96746266},"layers":[{"dense_1_b":[[-0.26906687],[-0.1685971],[0.17716064],[-0.07132812],[-0.7327463],[-0.07454749],[-0.45406988],[1.839812]],"dense_1_W":[[1.1942277,-0.038889613,-0.8322768,0.015169611],[-0.0015301243,3.3419595,0.34592825,0.20391819],[0.14484687,0.44140813,0.40094945,0.06542635],[0.042376403,0.2019042,2.499044,0.060956586],[1.1803654,0.10430627,1.0858316,-0.2072881],[-0.034251258,-0.51320815,-0.22570874,-0.20940275],[-0.35158226,-0.38105947,-0.48557118,0.1920183],[0.7512089,-0.29400045,-0.70248944,0.27115935]],