{"test_dict":{"[20.0, -4.0, 0.0, -0.2]":-0.6809774,"[0.0, -4.0, 3.0, -0.2]":-0.3244233,"[20.0, 0.0, 3.0, 0.2]":0.4847954,"[20.0, 4.0, 0.0, 0.0]":0.74374014,"[40.0, 0.0, 0.0, 0.0]":-0.009612219,"[40.0, -4.0, 0.0, 0.0]":-0.50897115,"[0.0, 0.0, 0.0, 0.2]":0.19165164,"[40.0, 4.0, -3.0, 0.0]":0.22606134,"[20.0, 0.0, 3.0, -0.2]":0.017009769,"[0.0, -4.0, 0.0, -0.2]":-0.99592817,"[0.0, 4.0, -3.0, 0.2]":0.46746975,"[20.0, 4.0, -3.0, -0.2]":0.51695204,"[20.0, 4.0, 0.0, -0.2]":0.6678947,"[40.0, 4.0, 0.0, 0.0]":0.5548851,"[20.0, -4.0, -3.0, -0.2]":-0.8213716,"[0.0, 4.0, 3.0, -0.2]":0.9146707,"[20.0, 4.0, -3.0, 0.2]":0.5712866,"[40.0, 0.0, 3.0, -0.2]":0.2290188,"[40.0, 4.0, 0.0, -0.2]":0.5248187,"[0.0, -4.0, 0.0, 0.2]":-0.9346535,"[0.0, 0.0, -3.0, 0.0]":-0.5799526,"[0.0, 0.0, -3.0, 0.2]":-0.30662876,"[20.0, 0.0, -3.0, -0.2]":-0.5406345,"[0.0, 4.0, -3.0, -0.2]":0.4259774,"[40.0, -4.0, -3.0, 0.0]":-0.5327409,"[40.0, 4.0, 3.0, 0.2]":0.59421647,"[20.0, 4.0, 3.0, 0.2]":0.78263855,"[0.0, 0.0, 0.0, 0.0]":-0.00023305416,"[0.0, 4.0, 0.0, -0.2]":0.7730064,"[0.0, 4.0, 0.0, 0.0]":0.8467562,"[40.0, 4.0, -3.0, 0.2]":0.23539352,"[20.0, -4.0, 3.0, 0.2]":-0.5381781,"[0.0, 0.0, -3.0, -0.2]":-0.74125993,"[0.0, -4.0, -3.0, 0.0]":-0.92583746,"[20.0, 4.0, 3.0, 0.0]":0.71731853,"[40.0, 0.0, 0.0, -0.2]":-0.098368816,"[40.0, 0.0, 3.0, 0.2]":0.46003163,"[0.0, 0.0, 3.0, -0.2]":0.27189368,"[40.0, -4.0, 3.0, 0.0]":-0.20911741,"[0.0, 0.0, 0.0, -0.2]":-0.16494429,"[20.0, 4.0, 3.0, -0.2]":0.6259648,"[0.0, -4.0, 3.0, 0.0]":-0.34224302,"[40.0, -4.0, -3.0, -0.2]":-0.6593839,"[40.0, -4.0, -3.0, 0.2]":-0.41099924,"[40.0, 0.0, 0.0, 0.2]":0.08440044,"[0.0, 4.0, 3.0, 0.0]":0.9623361,"[40.0, 4.0, -3.0, -0.2]":0.24266851,"[0.0, -4.0, -3.0, -0.2]":-0.9488279,"[0.0, -4.0, 3.0, 0.2]":-0.37789613,"[20.0, 4.0, -3.0, 0.0]":0.5529465,"[40.0, 0.0, 3.0, 0.0]":0.37197298,"[40.0, -4.0, 0.0, -0.2]":-0.574539,"[40.0, -4.0, 3.0, 0.2]":-0.24917126,"[20.0, -4.0, -3.0, 0.0]":-0.8031517,"[20.0, -4.0, 3.0, 0.0]":-0.5272821,"[40.0, 0.0, -3.0, 0.2]":-0.1374152,"[20.0, 0.0, -3.0, 0.0]":-0.2912233,"[40.0, 0.0, -3.0, -0.2]":-0.4421357,"[40.0, 4.0, 0.0, 0.2]":0.6006941,"[0.0, -4.0, 0.0, 0.0]":-0.9772214,"[20.0, -4.0, 3.0, -0.2]":-0.50457466,"[20.0, 0.0, 3.0, 0.0]":0.27907845,"[20.0, 4.0, 0.0, 0.2]":0.78858775,"[40.0, 4.0, 3.0, -0.2]":0.47642124,"[20.0, 0.0, 0.0, -0.2]":-0.18234515,"[40.0, 4.0, 3.0, 0.0]":0.5234614,"[40.0, -4.0, 0.0, 0.2]":-0.46392554,"[20.0, 0.0, 0.0, 0.2]":0.18864515,"[0.0, 0.0, 3.0, 0.2]":0.84243613,"[0.0, -4.0, -3.0, 0.2]":-0.88880527,"[0.0, 4.0, 0.0, 0.2]":0.88772017,"[0.0, 4.0, -3.0, 0.0]":0.4407816,"[20.0, -4.0, -3.0, 0.2]":-0.7541861,"[40.0, -4.0, 3.0, -0.2]":-0.19066468,"[20.0, 0.0, -3.0, 0.2]":0.0348498,"[20.0, 0.0, 0.0, 0.0]":-0.0019747727,"[20.0, -4.0, 0.0, 0.2]":-0.57165015,"[40.0, 0.0, -3.0, 0.0]":-0.31389952,"[20.0, -4.0, 0.0, 0.0]":-0.6473383,"[0.0, 0.0, 3.0, 0.0]":0.6112287,"[0.0, 4.0, 3.0, 0.2]":0.99199486},"input_std":[[7.050078],[0.9612046],[0.80777156],[0.02929894]],"model_test_loss":0.02179686726331711,"input_size":4,"current_date_and_time":"2023-04-19_18-13-21","input_mean":[[10.259794],[0.014247515],[-0.025012791],[0.019356376]],"output_size":1,"test_dict_zero_bias":{"[20.0, -4.0, 0.0, -0.2]":-0.42670715,"[0.0, -4.0, 3.0, -0.2]":0.041421257,"[20.0, 0.0, 3.0, 0.2]":0.73571193,"[20.0, 4.0, 0.0, 0.0]":0.9360929,"[40.0, 0.0, 0.0, 0.0]":0.26157933,"[40.0, -4.0, 0.0, 0.0]":-0.25850087,"[0.0, 0.0, 0.0, 0.2]":0.48139453,"[40.0, 4.0, -3.0, 0.0]":0.50754356,"[20.0, 0.0, 3.0, -0.2]":0.26299033,"[0.0, -4.0, 0.0, -0.2]":-0.8659818,"[0.0, 4.0, -3.0, 0.2]":0.69867533,"[20.0, 4.0, -3.0, -0.2]":0.8147102,"[20.0, 4.0, 0.0, -0.2]":0.85606736,"[40.0, 4.0, 0.0, 0.0]":0.80901146,"[20.0, -4.0, -3.0, -0.2]":-0.53379893,"[0.0, 4.0, 3.0, -0.2]":1.2265141,"[20.0, 4.0, -3.0, 0.2]":0.8532606,"[40.0, 0.0, 3.0, -0.2]":0.4675427,"[40.0, 4.0, 0.0, -0.2]":0.78441757,"[0.0, -4.0, 0.0, 0.2]":-0.80952394,"[0.0, 0.0, -3.0, 0.0]":-0.32039416,"[0.0, 0.0, -3.0, 0.2]":-0.04118043,"[20.0, 0.0, -3.0, -0.2]":-0.23658541,"[0.0, 4.0, -3.0, -0.2]":0.70060915,"[40.0, -4.0, -3.0, 0.0]":-0.21749161,"[40.0, 4.0, 3.0, 0.2]":0.8051607,"[20.0, 4.0, 3.0, 0.2]":1.0615859,"[0.0, 0.0, 0.0, 0.0]":0.2884815,"[0.0, 4.0, 0.0, -0.2]":1.061304,"[0.0, 4.0, 0.0, 0.0]":1.1322566,"[40.0, 4.0, -3.0, 0.2]":0.506277,"[20.0, -4.0, 3.0, 0.2]":-0.30796635,"[0.0, 0.0, -3.0, -0.2]":-0.4854481,"[0.0, -4.0, -3.0, 0.0]":-0.64547086,"[20.0, 4.0, 3.0, 0.0]":0.9854184,"[40.0, 0.0, 0.0, -0.2]":0.17389163,"[40.0, 0.0, 3.0, 0.2]":0.7119323,"[0.0, 0.0, 3.0, -0.2]":0.5588393,"[40.0, -4.0, 3.0, 0.0]":0.06304143,"[0.0, 0.0, 0.0, -0.2]":0.1132168,"[20.0, 4.0, 3.0, -0.2]":0.8851047,"[0.0, -4.0, 3.0, 0.0]":0.04396195,"[40.0, -4.0, -3.0, -0.2]":-0.34551218,"[40.0, -4.0, -3.0, 0.2]":-0.103314355,"[40.0, 0.0, 0.0, 0.2]":0.35478956,"[0.0, 4.0, 3.0, 0.0]":1.2716911,"[40.0, 4.0, -3.0, -0.2]":0.53345555,"[0.0, -4.0, -3.0, -0.2]":-0.6681433,"[0.0, -4.0, 3.0, 0.2]":0.03180428,"[20.0, 4.0, -3.0, 0.0]":0.8413455,"[40.0, 0.0, 3.0, 0.0]":0.61825365,"[40.0, -4.0, 0.0, -0.2]":-0.3231483,"[40.0, -4.0, 3.0, 0.2]":0.020670045,"[20.0, -4.0, -3.0, 0.0]":-0.51279914,"[20.0, -4.0, 3.0, 0.0]":-0.2949938,"[40.0, 0.0, -3.0, 0.2]":0.13291577,"[20.0, 0.0, -3.0, 0.0]":0.0016066656,"[40.0, 0.0, -3.0, -0.2]":-0.16257975,"[40.0, 4.0, 0.0, 0.2]":0.8485545,"[0.0, -4.0, 0.0, 0.0]":-0.85250956,"[20.0, -4.0, 3.0, -0.2]":-0.27832013,"[20.0, 0.0, 3.0, 0.0]":0.52651453,"[20.0, 4.0, 0.0, 0.2]":0.98905426,"[40.0, 4.0, 3.0, -0.2]":0.7002247,"[20.0, 0.0, 0.0, -0.2]":0.07291238,"[40.0, 4.0, 3.0, 0.0]":0.74110574,"[40.0, -4.0, 0.0, 0.2]":-0.2162905,"[20.0, 0.0, 0.0, 0.2]":0.43471864,"[0.0, 0.0, 3.0, 0.2]":1.1572785,"[0.0, -4.0, -3.0, 0.2]":-0.60724497,"[0.0, 4.0, 0.0, 0.2]":1.1716255,"[0.0, 4.0, -3.0, 0.0]":0.6967433,"[20.0, -4.0, -3.0, 0.2]":-0.45837563,"[40.0, -4.0, 3.0, -0.2]":0.080336414,"[20.0, 0.0, -3.0, 0.2]":0.3052276,"[20.0, 0.0, 0.0, 0.0]":0.25066838,"[20.0, -4.0, 0.0, 0.2]":-0.30547783,"[40.0, 0.0, -3.0, 0.0]":-0.040904544,"[20.0, -4.0, 0.0, 0.0]":-0.38834178,"[0.0, 0.0, 3.0, 0.0]":0.91462636,"[0.0, 4.0, 3.0, 0.2]":1.2995442},"layers":[{"dense_1_b":[[0.2017072],[0.69823945],[-0.31072506],[-0.16027407],[0.06893737],[0.19940557],[-0.25815248],[-0.271837]],"dense_1_W":[[1.6592638,0.74449253,1.4927148,-0.023272505],[1.6595237,-0.4685819,-1.3281784,0.0048133675],[-0.1586226,-0.100762285,-2.8512268,0.011691002],[0.92947936,0.6574233,0.24745473,0.13193476],[0.020756602,3.441575,0.31459707,0.16520654],[0.83495003,0.1313037,-0.040142957,-0.027208295],[0.9315137,-0.5129142,-0.048107304,-0.10165631],[-0.06612218,0.93211067,1.307155,-0.08846237]],