{"test_dict":{"[20.0, -4.0, 0.0, -0.2]":-0.9233516,"[0.0, -4.0, 3.0, -0.2]":-0.40986124,"[20.0, 0.0, 3.0, 0.2]":0.6221364,"[20.0, 4.0, 0.0, 0.0]":0.9178542,"[40.0, 0.0, 0.0, 0.0]":0.0038435534,"[40.0, -4.0, 0.0, 0.0]":-0.92703253,"[0.0, 0.0, 0.0, 0.2]":0.16821936,"[40.0, 4.0, -3.0, 0.0]":0.53142893,"[20.0, 0.0, 3.0, -0.2]":-0.1934734,"[0.0, -4.0, 0.0, -0.2]":-0.80653846,"[0.0, 4.0, -3.0, 0.2]":0.5621602,"[20.0, 4.0, -3.0, -0.2]":0.645492,"[20.0, 4.0, 0.0, -0.2]":0.6965565,"[40.0, 4.0, 0.0, 0.0]":1.0663552,"[20.0, -4.0, -3.0, -0.2]":-0.8506473,"[0.0, 4.0, 3.0, -0.2]":0.97832376,"[20.0, 4.0, -3.0, 0.2]":0.6410019,"[40.0, 0.0, 3.0, -0.2]":-0.12455315,"[40.0, 4.0, 0.0, -0.2]":0.87647164,"[0.0, -4.0, 0.0, 0.2]":-0.94411165,"[0.0, 0.0, -3.0, 0.0]":-0.59277314,"[0.0, 0.0, -3.0, 0.2]":-0.1808851,"[20.0, 0.0, -3.0, -0.2]":-0.53132516,"[0.0, 4.0, -3.0, -0.2]":0.26397583,"[40.0, -4.0, -3.0, 0.0]":-0.87388897,"[40.0, 4.0, 3.0, 0.2]":1.2823372,"[20.0, 4.0, 3.0, 0.2]":0.93095696,"[0.0, 0.0, 0.0, 0.0]":-0.009943987,"[0.0, 4.0, 0.0, -0.2]":0.9709737,"[0.0, 4.0, 0.0, 0.0]":0.8776376,"[40.0, 4.0, -3.0, 0.2]":0.4078953,"[20.0, -4.0, 3.0, 0.2]":-0.5735514,"[0.0, 0.0, -3.0, -0.2]":-0.86963266,"[0.0, -4.0, -3.0, 0.0]":-1.215127,"[20.0, 4.0, 3.0, 0.0]":0.9380092,"[40.0, 0.0, 0.0, -0.2]":-0.40932834,"[40.0, 0.0, 3.0, 0.2]":0.93474686,"[0.0, 0.0, 3.0, -0.2]":0.11602572,"[40.0, -4.0, 3.0, 0.0]":-0.6809956,"[0.0, 0.0, 0.0, -0.2]":-0.27933916,"[20.0, 4.0, 3.0, -0.2]":0.7747965,"[0.0, -4.0, 3.0, 0.0]":-0.4069306,"[40.0, -4.0, -3.0, -0.2]":-0.8703499,"[40.0, -4.0, -3.0, 0.2]":-0.8118454,"[40.0, 0.0, 0.0, 0.2]":0.42288658,"[0.0, 4.0, 3.0, 0.0]":0.9986418,"[40.0, 4.0, -3.0, -0.2]":0.3615905,"[0.0, -4.0, -3.0, -0.2]":-1.1603962,"[0.0, -4.0, 3.0, 0.2]":-0.2891989,"[20.0, 4.0, -3.0, 0.0]":0.74606276,"[40.0, 0.0, 3.0, 0.0]":0.40717527,"[40.0, -4.0, 0.0, -0.2]":-0.96348864,"[40.0, -4.0, 3.0, 0.2]":-0.38390383,"[20.0, -4.0, -3.0, 0.0]":-0.84033436,"[20.0, -4.0, 3.0, 0.0]":-0.76526046,"[40.0, 0.0, -3.0, 0.2]":-0.029397573,"[20.0, 0.0, -3.0, 0.0]":-0.16908377,"[40.0, 0.0, -3.0, -0.2]":-0.70821095,"[40.0, 4.0, 0.0, 0.2]":0.94915134,"[0.0, -4.0, 0.0, 0.0]":-0.96870357,"[20.0, -4.0, 3.0, -0.2]":-0.78007764,"[20.0, 0.0, 3.0, 0.0]":0.23974136,"[20.0, 4.0, 0.0, 0.2]":0.86523014,"[40.0, 4.0, 3.0, -0.2]":0.7915639,"[20.0, 0.0, 0.0, -0.2]":-0.52646697,"[40.0, 4.0, 3.0, 0.0]":1.1892282,"[40.0, -4.0, 0.0, 0.2]":-0.83768827,"[20.0, 0.0, 0.0, 0.2]":0.47684544,"[0.0, 0.0, 3.0, 0.2]":0.73924,"[0.0, -4.0, -3.0, 0.2]":-0.97079253,"[0.0, 4.0, 0.0, 0.2]":0.74575555,"[0.0, 4.0, -3.0, 0.0]":0.3973098,"[20.0, -4.0, -3.0, 0.2]":-0.77201724,"[40.0, -4.0, 3.0, -0.2]":-0.8141708,"[20.0, 0.0, -3.0, 0.2]":0.089089856,"[20.0, 0.0, 0.0, 0.0]":0.0004112888,"[20.0, -4.0, 0.0, 0.2]":-0.67385703,"[40.0, 0.0, -3.0, 0.0]":-0.40868378,"[20.0, -4.0, 0.0, 0.0]":-0.89299613,"[0.0, 0.0, 3.0, 0.0]":0.59028566,"[0.0, 4.0, 3.0, 0.2]":0.829146},"input_std":[[8.996295],[1.3829036],[1.3111011],[0.04401336]],"model_test_loss":0.02031045458614826,"input_size":4,"current_date_and_time":"2023-04-19_18-15-27","input_mean":[[15.1382675],[-0.021086626],[-0.0179078],[-0.0047212834]],"output_size":1,"test_dict_zero_bias":{"[20.0, -4.0, 0.0, -0.2]":-0.7755422,"[0.0, -4.0, 3.0, -0.2]":-0.3731632,"[20.0, 0.0, 3.0, 0.2]":0.74045897,"[20.0, 4.0, 0.0, 0.0]":1.0263867,"[40.0, 0.0, 0.0, 0.0]":0.10601815,"[40.0, -4.0, 0.0, 0.0]":-0.7663181,"[0.0, 0.0, 0.0, 0.2]":0.35970712,"[40.0, 4.0, -3.0, 0.0]":0.478451,"[20.0, 0.0, 3.0, -0.2]":-0.06813429,"[0.0, -4.0, 0.0, -0.2]":-0.7452772,"[0.0, 4.0, -3.0, 0.2]":0.8003034,"[20.0, 4.0, -3.0, -0.2]":0.60581505,"[20.0, 4.0, 0.0, -0.2]":0.8352448,"[40.0, 4.0, 0.0, 0.0]":1.1796676,"[20.0, -4.0, -3.0, -0.2]":-0.6916612,"[0.0, 4.0, 3.0, -0.2]":0.93898785,"[20.0, 4.0, -3.0, 0.2]":0.6732781,"[40.0, 0.0, 3.0, -0.2]":0.17057036,"[40.0, 4.0, 0.0, -0.2]":1.0440773,"[0.0, -4.0, 0.0, 0.2]":-0.81397635,"[0.0, 0.0, -3.0, 0.0]":-0.37781516,"[0.0, 0.0, -3.0, 0.2]":0.07829821,"[20.0, 0.0, -3.0, -0.2]":-0.46150148,"[0.0, 4.0, -3.0, -0.2]":0.37076536,"[40.0, -4.0, -3.0, 0.0]":-0.8509411,"[40.0, 4.0, 3.0, 0.2]":1.4315635,"[20.0, 4.0, 3.0, 0.2]":1.0823667,"[0.0, 0.0, 0.0, 0.0]":-0.019054418,"[0.0, 4.0, 0.0, -0.2]":0.8919981,"[0.0, 4.0, 0.0, 0.0]":0.9135109,"[40.0, 4.0, -3.0, 0.2]":0.33615282,"[20.0, -4.0, 3.0, 0.2]":-0.47932518,"[0.0, 0.0, -3.0, -0.2]":-0.78952545,"[0.0, -4.0, -3.0, 0.0]":-1.0318468,"[20.0, 4.0, 3.0, 0.0]":1.0710406,"[40.0, 0.0, 0.0, -0.2]":-0.17229784,"[40.0, 0.0, 3.0, 0.2]":1.0723331,"[0.0, 0.0, 3.0, -0.2]":0.071245976,"[40.0, -4.0, 3.0, 0.0]":-0.3847265,"[0.0, 0.0, 0.0, -0.2]":-0.30746657,"[20.0, 4.0, 3.0, -0.2]":0.8630877,"[0.0, -4.0, 3.0, 0.0]":-0.44381872,"[40.0, -4.0, -3.0, -0.2]":-0.78659254,"[40.0, -4.0, -3.0, 0.2]":-0.87220377,"[40.0, 0.0, 0.0, 0.2]":0.43701553,"[0.0, 4.0, 3.0, 0.0]":0.9177555,"[40.0, 4.0, -3.0, -0.2]":0.37159,"[0.0, -4.0, -3.0, -0.2]":-1.0672857,"[0.0, -4.0, 3.0, 0.2]":-0.38220266,"[20.0, 4.0, -3.0, 0.0]":0.7040786,"[40.0, 0.0, 3.0, 0.0]":0.6581101,"[40.0, -4.0, 0.0, -0.2]":-0.7207714,"[40.0, -4.0, 3.0, 0.2]":-0.20052323,"[20.0, -4.0, -3.0, 0.0]":-0.7955313,"[20.0, -4.0, 3.0, 0.0]":-0.63772976,"[40.0, 0.0, -3.0, 0.2]":-0.15720528,"[20.0, 0.0, -3.0, 0.0]":-0.22460678,"[40.0, 0.0, -3.0, -0.2]":-0.6368475,"[40.0, 4.0, 0.0, 0.2]":0.99016386,"[0.0, -4.0, 0.0, 0.0]":-0.91769105,"[20.0, -4.0, 3.0, -0.2]":-0.63951004,"[20.0, 0.0, 3.0, 0.0]":0.31836724,"[20.0, 4.0, 0.0, 0.2]":0.8931211,"[40.0, 4.0, 3.0, -0.2]":1.0514039,"[20.0, 0.0, 0.0, -0.2]":-0.3849012,"[40.0, 4.0, 3.0, 0.0]":1.4168628,"[40.0, -4.0, 0.0, 0.2]":-0.7747427,"[20.0, 0.0, 0.0, 0.2]":0.45756572,"[0.0, 0.0, 3.0, 0.2]":0.640113,"[0.0, -4.0, -3.0, 0.2]":-0.75139105,"[0.0, 4.0, 0.0, 0.2]":0.9542037,"[0.0, 4.0, -3.0, 0.0]":0.6745313,"[20.0, -4.0, -3.0, 0.2]":-0.74089193,"[40.0, -4.0, 3.0, -0.2]":-0.5519294,"[20.0, 0.0, -3.0, 0.2]":0.11917299,"[20.0, 0.0, 0.0, 0.0]":0.06684579,"[20.0, -4.0, 0.0, 0.2]":-0.6507712,"[40.0, 0.0, -3.0, 0.0]":-0.47160453,"[20.0, -4.0, 0.0, 0.0]":-0.74954325,"[0.0, 0.0, 3.0, 0.0]":0.4358256,"[0.0, 4.0, 3.0, 0.2]":0.78120756},"layers":[{"dense_1_b":[[-0.14664821],[-0.048541777],[0.0014444363],[1.1289188],[-1.1225067],[-0.3514732],[-0.5554727],[-0.0853085]],"dense_1_W":[[-0.021606997,0.27233544,1.6190566,-0.068271354],[0.23305425,-0.2536783,-0.30694094,0.18038364],[0.06332779,4.0792937,0.18597233,0.1977361],[-1.4032457,-0.13189091,1.1165522,-0.3387729],[-0.7743845,0.13628256,-0.6248083,0.28713378],[0.35618964,-0.9058001,0.14269465,-0.46813],[1.3601912,0.37770367,1.1058892,-0.07228985],[0.07767898,0.8835182,0.7356575,0.22278184]],